-6.692624092102050781e-01,-5.000000000000000000e-01,-6.125499606132507324e-01,-5.022460818290710449e-01,6.949012875556945801e-01,7.531764358282089233e-02,2.683000000000000000e+03,2.700808105468750000e+03
6.961627006530761719e-01,-3.499999940395355225e-01,8.911868333816528320e-01,-3.612156510353088379e-01,6.606521010398864746e-01,1.279135197401046753e-01,1.901000000000000000e+03,2.064074951171875000e+03
4.545493423938751221e-01,2.145627290010452271e-01,5.140008926391601562e-01,3.264932194724678993e-03,6.918622255325317383e-01,5.475277453660964966e-02,2.487000000000000000e+03,2.731918457031250000e+03
6.961627006530761719e-01,2.503256499767303467e-01,8.883687853813171387e-01,2.194368466734886169e-02,5.926603674888610840e-01,2.501171827316284180e-01,7.130000000000000000e+02,8.850866088867187500e+02
6.961627006530761719e-01,3.537955880165100098e-01,6.567672491073608398e-01,5.595765113830566406e-01,8.017957806587219238e-01,1.163814589381217957e-01,1.395000000000000000e+03,1.488856811523437500e+03
6.083970069885253906e-01,6.961627006530761719e-01,5.938881635665893555e-01,6.467553973197937012e-01,6.515577435493469238e-01,7.398795336484909058e-02,2.301000000000000000e+03,2.315334228515625000e+03
-4.166139364242553711e-01,3.896152675151824951e-01,-4.545109570026397705e-01,7.599668204784393311e-02,8.285729289054870605e-01,7.289558649063110352e-02,2.385000000000000000e+03,2.720187255859375000e+03
6.961627006530761719e-01,-4.499999880790710449e-01,6.222932338714599609e-01,-5.010678172111511230e-01,6.737992763519287109e-01,9.196980297565460205e-02,2.189000000000000000e+03,2.227736816406250000e+03
2.020486146211624146e-01,6.961627006530761719e-01,2.079995721578598022e-01,7.804028987884521484e-01,7.151179313659667969e-01,2.148874849081039429e-01,5.720000000000000000e+02,5.799532470703125000e+02
4.635769426822662354e-01,6.961627006530761719e-01,3.337700664997100830e-01,8.544946908950805664e-01,5.159766674041748047e-01,1.449041664600372314e-01,1.115000000000000000e+03,1.284740112304687500e+03
6.961627006530761719e-01,-1.000000014901161194e-01,9.221260547637939453e-01,1.404069215059280396e-01,9.074152708053588867e-01,8.074373751878738403e-02,2.620000000000000000e+03,2.955685302734375000e+03
-7.500000000000000000e-01,6.083970069885253906e-01,-7.968583703041076660e-01,7.911428213119506836e-01,5.174944400787353516e-01,8.137706667184829712e-02,1.302000000000000000e+03,1.470117309570312500e+03
-6.499999761581420898e-01,-5.000000000000000000e-01,-5.145151615142822266e-01,-2.287789583206176758e-01,7.741514444351196289e-01,7.696653157472610474e-02,2.969000000000000000e+03,3.409138183593750000e+03
-4.499999880790710449e-01,6.961627006530761719e-01,-5.965882539749145508e-01,8.482596874237060547e-01,7.207165360450744629e-01,8.247856050729751587e-02,2.382000000000000000e+03,2.582875000000000000e+03
-7.700559496879577637e-01,-1.979057341814041138e-01,-6.108810305595397949e-01,-1.684763878583908081e-01,5.761558413505554199e-01,8.969975262880325317e-02,1.926000000000000000e+03,2.074927490234375000e+03
-6.499999761581420898e-01,3.543173968791961670e-01,-5.016812086105346680e-01,3.137778937816619873e-01,9.224819540977478027e-01,5.857871845364570618e-02,3.253000000000000000e+03,3.342528076171875000e+03
-6.700559854507446289e-01,5.784529447555541992e-01,-7.046912312507629395e-01,3.552528023719787598e-01,7.797240018844604492e-01,1.018382459878921509e-01,2.125000000000000000e+03,2.299639892578125000e+03
7.247940897941589355e-01,3.010678887367248535e-01,6.283796429634094238e-01,3.441825211048126221e-01,7.594023346900939941e-01,1.072982698678970337e-01,1.919000000000000000e+03,1.955969848632812500e+03
-7.908841967582702637e-02,-7.700559496879577637e-01,-5.880508944392204285e-02,-8.665758371353149414e-01,5.918236374855041504e-01,8.319328725337982178e-02,1.898000000000000000e+03,1.950236206054687500e+03
2.872454822063446045e-01,5.481259822845458984e-01,2.892843782901763916e-01,7.259324789047241211e-01,9.007571935653686523e-01,6.455145031213760376e-02,3.200000000000000000e+03,3.323436767578125000e+03
6.961627006530761719e-01,4.862083792686462402e-01,5.696036815643310547e-01,2.683533132076263428e-01,6.827589869499206543e-01,1.030222177505493164e-01,2.239000000000000000e+03,2.534897460937500000e+03
-6.499999761581420898e-01,6.961627006530761719e-01,-7.311586141586303711e-01,6.282534599304199219e-01,5.224094986915588379e-01,8.439003676176071167e-02,1.973000000000000000e+03,2.053021484375000000e+03
5.173884034156799316e-01,-5.688199996948242188e-01,4.942634701728820801e-01,-3.759123980998992920e-01,9.440596103668212891e-01,5.137853324413299561e-02,2.371000000000000000e+03,2.470379882812500000e+03
4.545493423938751221e-01,-8.500000238418579102e-01,4.276868402957916260e-01,-8.604404926300048828e-01,5.503611564636230469e-01,6.378778070211410522e-02,1.639000000000000000e+03,1.643453002929687500e+03
1.659828051924705505e-02,-1.000000000000000000e+00,-7.240168005228042603e-02,-9.864424467086791992e-01,6.698787808418273926e-01,6.177604570984840393e-02,2.166000000000000000e+03,2.204936035156250000e+03
2.701395004987716675e-02,-8.500000238418579102e-01,-7.852683961391448975e-02,-7.683029770851135254e-01,4.944193661212921143e-01,8.817766606807708740e-02,1.975000000000000000e+03,2.116604736328125000e+03
5.173884034156799316e-01,3.896152675151824951e-01,7.369515895843505859e-01,4.857166111469268799e-01,5.410271883010864258e-01,1.093150824308395386e-01,1.681000000000000000e+03,1.997938476562500000e+03
-1.500000059604644775e-01,6.379825472831726074e-01,-1.943670064210891724e-01,7.594401836395263672e-01,9.653093218803405762e-01,5.720400065183639526e-02,4.068000000000000000e+03,4.140556152343750000e+03
-2.373027503490447998e-01,-8.000000119209289551e-01,-2.880795001983642578e-01,-8.263353705406188965e-01,6.981906294822692871e-01,6.152787432074546814e-02,2.142000000000000000e+03,2.156395507812500000e+03
-8.999999761581420898e-01,3.171370327472686768e-01,-9.121502637863159180e-01,2.453123778104782104e-01,4.008594453334808350e-01,7.026230543851852417e-02,1.712000000000000000e+03,1.768111938476562500e+03
-7.700559496879577637e-01,5.481259822845458984e-01,-8.722816705703735352e-01,4.683709144592285156e-01,5.120016336441040039e-01,6.704788655042648315e-02,1.705000000000000000e+03,1.812500244140625000e+03
-6.006647646427154541e-02,-9.499999880790710449e-01,1.090540662407875061e-01,-1.103786826133728027e+00,5.459507107734680176e-01,2.092077732086181641e-01,1.318000000000000000e+03,1.540128540039062500e+03
-5.000000000000000000e-01,-6.999999880790710449e-01,-4.871729612350463867e-01,-8.593733310699462891e-01,6.845909953117370605e-01,7.057461887598037720e-02,1.813000000000000000e+03,1.910499145507812500e+03
6.456272304058074951e-02,-9.210686087608337402e-01,-6.272806972265243530e-02,-1.038067340850830078e+00,6.513246893882751465e-01,8.214601874351501465e-02,2.311000000000000000e+03,2.470807617187500000e+03
1.622310131788253784e-01,-1.049999952316284180e+00,3.676942884922027588e-01,-1.098133802413940430e+00,5.392634272575378418e-01,1.959646046161651611e-01,1.671000000000000000e+03,1.918716674804687500e+03
-6.183409690856933594e-01,-8.000000119209289551e-01,-5.751345157623291016e-01,-5.980936288833618164e-01,5.560612678527832031e-01,2.284559458494186401e-01,1.106000000000000000e+03,1.253866577148437500e+03
-5.000000000000000000e-01,4.545493423938751221e-01,-5.834825569763779640e-04,4.679465889930725098e-01,1.095547914505004883e+00,5.799450725317001343e-02,3.993000000000000000e+03,4.789168457031250000e+03
3.351734280586242676e-01,8.090378642082214355e-01,3.552433550357818604e-01,7.126636505126953125e-01,5.255557894706726074e-01,9.108720719814300537e-02,1.114000000000000000e+03,1.152747680664062500e+03
6.961627006530761719e-01,4.199422001838684082e-01,5.728624463081359863e-01,2.880275547504425049e-01,7.763373851776123047e-01,1.118426248431205750e-01,1.952000000000000000e+03,2.056454345703125000e+03
-6.000000238418579102e-01,1.715452671051025391e-01,-8.938622474670410156e-01,4.476763904094696045e-01,1.038077235221862793e+00,6.537514925003051758e-02,2.964000000000000000e+03,3.396763916015625000e+03
6.172313690185546875e-01,6.961627006530761719e-01,4.221068918704986572e-01,7.053278684616088867e-01,7.153745293617248535e-01,9.559031575918197632e-02,2.352000000000000000e+03,2.524455810546875000e+03
2.614717483520507812e-01,-1.000000000000000000e+00,2.168792486190795898e-01,-9.861842989921569824e-01,5.948626399040222168e-01,7.117950916290283203e-02,1.831000000000000000e+03,1.842260009765625000e+03
7.531411051750183105e-01,-1.713686585426330566e-01,6.912817955017089844e-01,-6.073838099837303162e-02,7.765077352523803711e-01,6.694405525922775269e-02,2.213000000000000000e+03,2.271564941406250000e+03
6.083970069885253906e-01,-6.999999880790710449e-01,5.483595132827758789e-01,-5.964927077293395996e-01,6.719748377799987793e-01,7.387952506542205811e-02,2.212000000000000000e+03,2.281483886718750000e+03
6.961627006530761719e-01,-2.700559496879577637e-01,9.084809422492980957e-01,-5.410898104310035706e-02,7.688096761703491211e-01,1.116382256150245667e-01,2.176000000000000000e+03,2.502275146484375000e+03
-1.000000000000000000e+00,1.079501211643218994e-01,-1.049018383026123047e+00,1.475473344326019287e-01,5.804283618927001953e-01,5.784720182418823242e-02,1.621000000000000000e+03,1.640121093750000000e+03
-3.400135934352874756e-01,-8.999999761581420898e-01,-1.700027883052825928e-01,-1.013847827911376953e+00,6.770422458648681641e-01,8.933205902576446533e-02,2.922000000000000000e+03,3.183507324218750000e+03
6.379825472831726074e-01,-4.000000059604644775e-01,5.918837189674377441e-01,-3.502829372882843018e-01,6.027155518531799316e-01,7.343180477619171143e-02,2.229000000000000000e+03,2.257071777343750000e+03
-9.735956788063049316e-01,6.954383850097656250e-01,-1.018868803977966309e+00,7.256126403808593750e-01,3.235595226287841797e-01,1.158940494060516357e-01,1.594000000000000000e+03,1.638726684570312500e+03
3.896152675151824951e-01,-2.000000029802322388e-01,1.924770623445510864e-01,4.264175519347190857e-02,1.000731825828552246e+00,3.233404159545898438e-01,5.936000000000000000e+03,6.501596679687500000e+03
-3.000000119209289551e-01,-8.500000238418579102e-01,-3.963930904865264893e-01,-1.084720373153686523e+00,7.321445941925048828e-01,7.455491274595260620e-02,2.713000000000000000e+03,3.030663818359375000e+03
-1.102498918771743774e-01,-7.500000000000000000e-01,-3.618206083774566650e-01,-7.331435084342956543e-01,9.120085239410400391e-01,6.813453882932662964e-02,2.632000000000000000e+03,2.829327880859375000e+03
-2.000000029802322388e-01,-3.000000119209289551e-01,-3.050849139690399170e-01,-2.256161570549011230e-01,5.337709784507751465e-01,2.255965620279312134e-01,1.300000000000000000e+03,1.374511352539062500e+03
6.083970069885253906e-01,3.975010663270950317e-02,7.943931818008422852e-01,4.564680159091949463e-01,9.605169892311096191e-01,7.532864063978195190e-02,3.237000000000000000e+03,3.935060302734375000e+03
-4.499999880790710449e-01,-7.535886019468307495e-02,-3.847209215164184570e-01,-8.776651322841644287e-02,4.034159183502197266e-01,8.968812972307205200e-02,1.152000000000000000e+03,1.183092407226562500e+03
4.862083792686462402e-01,4.862083792686462402e-01,5.957748889923095703e-01,5.429173707962036133e-01,6.228793859481811523e-01,7.118835300207138062e-02,1.964000000000000000e+03,2.040186645507812500e+03
-5.178191065788269043e-01,-5.000000000000000000e-01,-2.137026041746139526e-01,-2.763025164604187012e-01,1.057633757591247559e+00,6.787168234586715698e-02,2.955000000000000000e+03,3.320562744140625000e+03
6.961627006530761719e-01,-3.700559735298156738e-01,5.279363393783569336e-01,-3.205587863922119141e-01,9.138729572296142578e-01,5.602781474590301514e-02,3.219000000000000000e+03,3.336296630859375000e+03
6.379825472831726074e-01,-2.851649224758148193e-01,8.361003994941711426e-01,-6.663215905427932739e-02,8.036594986915588379e-01,7.606568932533264160e-02,2.978000000000000000e+03,3.367021728515625000e+03
-4.735956490039825439e-01,-6.999999880790710449e-01,-4.945183396339416504e-01,-6.568658947944641113e-01,7.663251161575317383e-01,9.360663592815399170e-02,1.869000000000000000e+03,1.876351074218750000e+03
1.345701515674591064e-01,-6.999999880790710449e-01,-8.808634430170059204e-02,-5.293323993682861328e-01,8.351969718933105469e-01,8.813257515430450439e-02,2.485000000000000000e+03,2.758032226562500000e+03
-6.499999761581420898e-01,-5.000000000000000000e-01,-5.842462778091430664e-01,-4.040637910366058350e-01,4.749796986579895020e-01,9.931283444166183472e-02,1.657000000000000000e+03,1.754761596679687500e+03
4.545493423938751221e-01,6.961627006530761719e-01,3.339385986328125000e-01,6.879779100418090820e-01,7.821398377418518066e-01,5.957437679171562195e-02,2.318000000000000000e+03,2.373070800781250000e+03
5.784529447555541992e-01,6.961627006530761719e-01,6.151751875877380371e-01,4.911454319953918457e-01,6.505771279335021973e-01,1.225325986742973328e-01,9.780000000000000000e+02,1.075905395507812500e+03
-6.999999880790710449e-01,-5.816580727696418762e-02,-6.428113579750061035e-01,1.900134421885013580e-02,6.014046669006347656e-01,7.101115584373474121e-02,1.523000000000000000e+03,1.561729736328125000e+03
5.784529447555541992e-01,-2.000000029802322388e-01,1.990328878164291382e-01,-2.962992489337921143e-01,8.818018436431884766e-01,6.499136239290237427e-02,3.651000000000000000e+03,4.341938476562500000e+03
5.481259822845458984e-01,-5.000000000000000000e-01,5.664404630661010742e-01,-3.648234605789184570e-01,5.288004875183105469e-01,8.734367042779922485e-02,1.782000000000000000e+03,1.898623291015625000e+03
-6.000000238418579102e-01,-1.672467887401580811e-01,-7.661062479019165039e-01,-1.023316085338592529e-01,8.441294431686401367e-01,6.637552380561828613e-02,2.146000000000000000e+03,2.240930908203125000e+03
3.223684430122375488e-01,6.961627006530761719e-01,3.172349631786346436e-01,8.755874633789062500e-01,5.541204810142517090e-01,1.431027203798294067e-01,1.190000000000000000e+03,1.312079956054687500e+03
6.083970069885253906e-01,4.516172409057617188e-01,5.211092829704284668e-01,6.465900540351867676e-01,8.873240351676940918e-01,1.029137820005416870e-01,2.752000000000000000e+03,2.908971679687500000e+03
6.961627006530761719e-01,3.896152675151824951e-01,7.788954377174377441e-01,5.005856752395629883e-01,5.833652019500732422e-01,1.340008378028869629e-01,1.795000000000000000e+03,1.894919067382812500e+03
6.961627006530761719e-01,9.129939717240631580e-04,7.803769707679748535e-01,7.174717634916305542e-02,5.943955779075622559e-01,6.971620023250579834e-02,2.319000000000000000e+03,2.397779541015625000e+03
-7.500000000000000000e-01,-5.688199996948242188e-01,-5.749552845954895020e-01,-4.912478029727935791e-01,7.962898015975952148e-01,7.908875495195388794e-02,2.594000000000000000e+03,2.741959472656250000e+03
-9.499999880790710449e-01,-4.633457660675048828e-01,-1.033480048179626465e+00,-4.835097491741180420e-01,4.503027498722076416e-01,7.511199265718460083e-02,1.364000000000000000e+03,1.413131958007812500e+03
-3.666139543056488037e-01,-4.000000059604644775e-01,-4.578031301498413086e-01,-5.114673376083374023e-01,6.276083588600158691e-01,9.334147721529006958e-02,1.346000000000000000e+03,1.415900146484375000e+03
-3.854372799396514893e-01,-8.999999761581420898e-01,-5.386220812797546387e-01,-8.019301891326904297e-01,5.760429501533508301e-01,6.536738574504852295e-02,1.837000000000000000e+03,2.015687377929687500e+03
2.872454822063446045e-01,3.562291860580444336e-01,-3.247355297207832336e-02,4.833519756793975830e-01,1.137922883033752441e+00,6.957595050334930420e-02,3.921000000000000000e+03,4.271914062500000000e+03
4.862083792686462402e-01,-4.000000059604644775e-01,4.758035838603973389e-01,-3.800971210002899170e-01,8.704954385757446289e-01,6.592985987663269043e-02,3.257000000000000000e+03,3.259204345703125000e+03
4.545493423938751221e-01,1.764043420553207397e-01,2.605381011962890625e-01,4.364134371280670166e-01,6.951749920845031738e-01,7.497882843017578125e-02,2.075000000000000000e+03,2.507681152343750000e+03
-5.178191065788269043e-01,1.764043420553207397e-01,-5.591903924942016602e-01,3.106157481670379639e-01,9.432897567749023438e-01,1.416178494691848755e-01,3.025000000000000000e+03,3.091526123046875000e+03
6.403670459985733032e-02,5.784529447555541992e-01,2.392963469028472900e-01,9.781414270401000977e-02,1.019570112228393555e+00,1.001271083950996399e-01,3.716000000000000000e+03,4.606135742187500000e+03
2.056531310081481934e-01,3.896152675151824951e-01,2.753320038318634033e-01,4.323562681674957275e-01,8.810973763465881348e-01,2.395332604646682739e-01,1.676000000000000000e+03,1.690399658203125000e+03
2.562218308448791504e-01,6.961627006530761719e-01,2.502050399780273438e-01,7.534344792366027832e-01,4.615660607814788818e-01,9.702045470476150513e-02,1.730000000000000000e+03,1.756889526367187500e+03
-4.499999880790710449e-01,-5.000000000000000000e-01,-3.525851070880889893e-01,-4.278842806816101074e-01,8.828581571578979492e-01,6.213091313838958740e-02,3.313000000000000000e+03,3.375383789062500000e+03
-2.985610067844390869e-01,-6.999999880790710449e-01,-3.511798679828643799e-01,-6.830042600631713867e-01,3.789735734462738037e-01,1.650091856718063354e-01,9.920000000000000000e+02,1.013044799804687500e+03
2.723684608936309814e-01,6.961627006530761719e-01,3.148356974124908447e-01,6.557352542877197266e-01,5.359602570533752441e-01,1.911286413669586182e-01,9.190000000000000000e+02,9.299436645507812500e+02
-1.000000000000000000e+00,-3.440100848674774170e-01,-7.830918431282043457e-01,-4.874081611633300781e-01,6.286586523056030273e-01,7.065865397453308105e-02,2.281000000000000000e+03,2.656864501953125000e+03
-5.000000000000000000e-01,-5.000000074505805969e-02,-2.454907745122909546e-01,-2.871063053607940674e-01,7.928388118743896484e-01,1.036994159221649170e-01,2.997000000000000000e+03,3.551613037109375000e+03
6.961627006530761719e-01,1.607104018330574036e-02,6.120600700378417969e-01,4.174941182136535645e-01,9.496464133262634277e-01,9.222885221242904663e-02,2.720000000000000000e+03,3.206713134765625000e+03
-8.253445476293563843e-02,6.961627006530761719e-01,-6.102265417575836182e-02,5.793048143386840820e-01,7.207016944885253906e-01,1.330743581056594849e-01,2.469000000000000000e+03,2.535637939453125000e+03
6.961627006530761719e-01,-4.000000059604644775e-01,7.696201205253601074e-01,-6.922904253005981445e-01,7.102323770523071289e-01,1.204016730189323425e-01,2.295000000000000000e+03,2.692067871093750000e+03
2.514390051364898682e-01,-7.700559496879577637e-01,2.552665174007415771e-01,-1.041725277900695801e+00,6.859915256500244141e-01,7.622498273849487305e-02,2.665000000000000000e+03,3.069167724609375000e+03
-1.672467887401580811e-01,6.961627006530761719e-01,-2.503962218761444092e-01,6.009274125099182129e-01,7.836365103721618652e-01,1.124966144561767578e-01,2.421000000000000000e+03,2.483810302734375000e+03
-2.500000000000000000e-01,3.562291860580444336e-01,1.899442076683044434e-02,1.247690990567207336e-01,7.793855071067810059e-01,8.243830502033233643e-02,2.735000000000000000e+03,3.278304199218750000e+03
5.000000074505805969e-02,6.672313809394836426e-01,-4.809175431728363037e-02,6.359457373619079590e-01,9.812762737274169922e-01,6.458637863397598267e-02,3.103000000000000000e+03,3.137212402343750000e+03
-2.659073472023010254e-01,4.862083792686462402e-01,-3.272174596786499023e-01,5.865826606750488281e-01,8.232795596122741699e-01,6.170239299535751343e-02,3.220000000000000000e+03,3.285372070312500000e+03
6.961627006530761719e-01,4.223684668540954590e-01,6.083924770355224609e-01,4.994667470455169678e-01,7.223568558692932129e-01,7.276064902544021606e-02,2.195000000000000000e+03,2.251947021484375000e+03
5.481259822845458984e-01,-4.499999880790710449e-01,6.002457737922668457e-01,-1.937339603900909424e-01,1.023173451423645020e+00,5.241965502500534058e-02,3.249000000000000000e+03,3.457716552734375000e+03
-1.000000000000000000e+00,1.467818953096866608e-02,-9.155750870704650879e-01,5.777443945407867432e-02,5.779289007186889648e-01,8.981987833976745605e-02,1.620000000000000000e+03,1.663154663085937500e+03
1.259268522262573242e-01,-7.500000000000000000e-01,5.479760766029357910e-01,-5.847354531288146973e-01,8.833187222480773926e-01,7.929606735706329346e-02,3.105000000000000000e+03,3.880362548828125000e+03
-5.500000119209289551e-01,-7.500000000000000000e-01,-5.188754200935363770e-01,-8.095142245292663574e-01,4.620351195335388184e-01,9.842445701360702515e-02,1.315000000000000000e+03,1.342695068359375000e+03
-4.000000059604644775e-01,-6.999999880790710449e-01,-2.836995124816894531e-01,-7.106113433837890625e-01,7.148530483245849609e-01,5.460008606314659119e-02,2.649000000000000000e+03,2.719103271484375000e+03
-3.000000119209289551e-01,6.379825472831726074e-01,-4.568834304809570312e-01,7.113667130470275879e-01,7.868722677230834961e-01,1.017823591828346252e-01,2.404000000000000000e+03,2.519064453125000000e+03
5.784529447555541992e-01,-5.500000119209289551e-01,6.603401303291320801e-01,-5.569199323654174805e-01,7.042480707168579102e-01,7.148979604244232178e-02,2.000000000000000000e+03,2.027080078125000000e+03
-1.000000000000000000e+00,-2.027638554573059082e-01,-9.930476546287536621e-01,-1.301508396863937378e-01,5.792399048805236816e-01,1.106866300106048584e-01,1.956000000000000000e+03,1.986912353515625000e+03
6.961627006530761719e-01,1.659828051924705505e-02,9.806530475616455078e-01,-9.063719213008880615e-02,7.312474250793457031e-01,1.227796524763107300e-01,1.985000000000000000e+03,2.315795898437500000e+03
-4.000000059604644775e-01,-3.659073412418365479e-01,-3.451470136642456055e-01,-4.912411272525787354e-01,4.625783264636993408e-01,1.604235172271728516e-01,1.112000000000000000e+03,1.207391601562500000e+03
-1.235956549644470215e-01,6.961627006530761719e-01,-5.627210810780525208e-02,1.033563613891601562e+00,6.970036029815673828e-01,9.256576001644134521e-02,2.180000000000000000e+03,2.684805908203125000e+03
6.672313809394836426e-01,-8.500000238418579102e-01,7.452659606933593750e-01,-8.780390620231628418e-01,4.674110114574432373e-01,8.312092721462249756e-02,1.512000000000000000e+03,1.559204956054687500e+03
6.961627006530761719e-01,2.494537532329559326e-01,6.504392623901367188e-01,2.086285948753356934e-01,8.322225809097290039e-01,6.217732653021812439e-02,2.937000000000000000e+03,2.953018066406250000e+03
-4.704144299030303955e-01,-8.999999761581420898e-01,-5.143564939498901367e-01,-1.099488019943237305e+00,6.590849757194519043e-01,9.423124045133590698e-02,1.179000000000000000e+03,1.289948364257812500e+03
-2.133457660675048828e-01,-7.500000000000000000e-01,-4.083414077758789062e-01,-8.027794361114501953e-01,6.115844249725341797e-01,7.929586619138717651e-02,1.880000000000000000e+03,2.080025146484375000e+03
3.338605910539627075e-02,6.961627006530761719e-01,-2.685730159282684326e-01,9.070715904235839844e-01,8.779016733169555664e-01,1.317623406648635864e-01,2.024000000000000000e+03,2.366395751953125000e+03
-4.566563665866851807e-01,7.247940897941589355e-01,-5.426939725875854492e-01,8.173976540565490723e-01,5.624874234199523926e-01,1.343075335025787354e-01,1.241000000000000000e+03,1.302890747070312500e+03
6.961627006530761719e-01,2.917987108230590820e-01,7.053990960121154785e-01,2.398055195808410645e-01,5.262718200683593750e-01,1.939129382371902466e-01,8.270000000000000000e+02,8.353324584960937500e+02
-5.000000000000000000e-01,-3.499999940395355225e-01,-3.633378744125366211e-01,-2.361356914043426514e-01,1.053199529647827148e+00,6.026396155357360840e-02,3.342000000000000000e+03,3.436377929687500000e+03
-5.500000119209289551e-01,-9.499999880790710449e-01,-4.751895070075988770e-01,-9.786363244056701660e-01,4.798856973648071289e-01,8.831632137298583984e-02,1.621000000000000000e+03,1.665902099609375000e+03
-8.000000119209289551e-01,-4.499999880790710449e-01,-1.059888124465942383e+00,-3.117397725582122803e-01,7.361545562744140625e-01,5.933671817183494568e-02,2.541000000000000000e+03,2.933724121093750000e+03
2.234198451042175293e-01,-1.000000000000000000e+00,1.846179664134979248e-01,-9.872567653656005859e-01,5.175614953041076660e-01,9.268533438444137573e-02,1.081000000000000000e+03,1.087734130859375000e+03
6.961627006530761719e-01,6.168519705533981323e-02,6.447531580924987793e-01,2.415930628776550293e-01,6.087610125541687012e-01,2.034109979867935181e-01,1.297000000000000000e+03,1.417036010742187500e+03
-8.000000119209289551e-01,0.000000000000000000e+00,-6.659560799598693848e-01,2.187051028013229370e-01,8.206569552421569824e-01,7.329801470041275024e-02,2.752000000000000000e+03,3.015305419921875000e+03
-1.691603958606719971e-01,-8.500000238418579102e-01,-1.924550235271453857e-01,-7.051982879638671875e-01,7.597491741180419922e-01,8.574836701154708862e-02,2.821000000000000000e+03,2.924982177734375000e+03
4.862083792686462402e-01,4.862083792686462402e-01,4.680601656436920166e-01,7.225166559219360352e-01,8.699335455894470215e-01,5.673266574740409851e-02,3.710000000000000000e+03,3.980815673828125000e+03
-9.499999880790710449e-01,5.173884034156799316e-01,-9.336051344871520996e-01,3.379632830619812012e-01,5.439749956130981445e-01,6.905759871006011963e-02,1.921000000000000000e+03,2.126213134765625000e+03
6.961627006530761719e-01,4.862083792686462402e-01,6.834745407104492188e-01,4.013619124889373779e-01,6.397424936294555664e-01,1.473573595285415649e-01,1.473000000000000000e+03,1.499272094726562500e+03
4.862083792686462402e-01,-6.999999880790710449e-01,4.613211452960968018e-01,-7.116067409515380859e-01,5.638783574104309082e-01,9.693835675716400146e-02,1.591000000000000000e+03,1.594757934570312500e+03
-1.000000014901161194e-01,-5.500000119209289551e-01,-4.556255415081977844e-02,-3.169641494750976562e-01,7.875052094459533691e-01,8.236812055110931396e-02,2.743000000000000000e+03,2.990562011718750000e+03
6.961627006530761719e-01,2.513691782951354980e-01,5.920731425285339355e-01,2.627011835575103760e-01,6.178087592124938965e-01,1.482862085103988647e-01,1.559000000000000000e+03,1.603592285156250000e+03
-5.000000000000000000e-01,-2.666139304637908936e-01,-4.613104164600372314e-01,-2.489868551492691040e-01,3.839447200298309326e-01,1.600454598665237427e-01,1.179000000000000000e+03,1.193440917968750000e+03
3.483897149562835693e-01,-1.000000000000000000e+00,5.325098037719726562e-01,-1.107836365699768066e+00,6.110945940017700195e-01,1.494649499654769897e-01,1.285000000000000000e+03,1.437251464843750000e+03
-6.499999761581420898e-01,-2.000000029802322388e-01,-7.257007360458374023e-01,-4.260656535625457764e-01,6.753876805305480957e-01,9.323837608098983765e-02,1.859000000000000000e+03,2.084518554687500000e+03
-7.196730375289916992e-01,-1.688199937343597412e-01,-5.744016766548156738e-01,-6.425765156745910645e-02,9.371606111526489258e-01,5.885884910821914673e-02,2.916000000000000000e+03,3.021644775390625000e+03
1.110925674438476562e-01,6.961627006530761719e-01,1.003660634160041809e-01,5.822129845619201660e-01,5.965223908424377441e-01,1.345553100109100342e-01,1.667000000000000000e+03,1.727743530273437500e+03
-6.696730256080627441e-01,-7.707512378692626953e-01,-6.359348893165588379e-01,-7.326429486274719238e-01,4.231368899345397949e-01,8.436810970306396484e-02,1.335000000000000000e+03,1.354221435546875000e+03
-6.499999761581420898e-01,-5.000000000000000000e-01,-7.446635961532592773e-01,-6.880230307579040527e-01,7.714818716049194336e-01,6.521491706371307373e-02,3.014000000000000000e+03,3.234995605468750000e+03
-3.707512021064758301e-01,-9.499999880790710449e-01,-3.574324846267700195e-01,-9.139311313629150391e-01,4.040989577770233154e-01,7.331406325101852417e-02,1.091000000000000000e+03,1.100898071289062500e+03
-6.999999880790710449e-01,-3.854339420795440674e-01,-4.237188696861267090e-01,-6.133461594581604004e-01,8.947697877883911133e-01,5.085682496428489685e-02,3.259000000000000000e+03,3.762694335937500000e+03
-3.700559735298156738e-01,6.961627006530761719e-01,-3.947898447513580322e-01,8.469310402870178223e-01,7.459982633590698242e-01,1.095265448093414307e-01,1.755000000000000000e+03,1.827761596679687500e+03
-7.196730375289916992e-01,-3.499999940395355225e-01,-9.105775356292724609e-01,-4.225462675094604492e-01,8.693323135375976562e-01,6.814460456371307373e-02,3.033000000000000000e+03,3.198545898437500000e+03
-8.500000238418579102e-01,3.145805895328521729e-01,-7.471422553062438965e-01,3.157547116279602051e-01,4.967719018459320068e-01,7.301357388496398926e-02,1.311000000000000000e+03,1.366550903320312500e+03
-6.999999880790710449e-01,-3.370815217494964600e-01,-4.946736693382263184e-01,-3.814862668514251709e-01,9.126822948455810547e-01,6.466502696275711060e-02,2.965000000000000000e+03,3.119751953125000000e+03
-1.254508793354034424e-01,-1.000000000000000000e+00,-1.638808697462081909e-01,-9.955578446388244629e-01,6.225462555885314941e-01,5.712566524744033813e-02,1.860000000000000000e+03,1.867198364257812500e+03
6.961627006530761719e-01,-1.688199937343597412e-01,5.491002202033996582e-01,-2.529239654541015625e-01,7.609726786613464355e-01,1.223847866058349609e-01,2.121000000000000000e+03,2.224634765625000000e+03
-4.166139364242553711e-01,5.173884034156799316e-01,-5.140494108200073242e-01,4.323487877845764160e-01,1.058673381805419922e+00,5.627826973795890808e-02,3.334000000000000000e+03,3.383680419921875000e+03
1.535001099109649658e-01,4.223684668540954590e-01,1.638520658016204834e-01,4.491930603981018066e-01,6.274392604827880859e-01,1.498078405857086182e-01,2.183000000000000000e+03,2.187535888671875000e+03
7.247940897941589355e-01,-5.210686326026916504e-01,5.935264229774475098e-01,-3.576646447181701660e-01,7.031258344650268555e-01,9.029784798622131348e-02,1.991000000000000000e+03,2.163989013671875000e+03
-7.500000000000000000e-01,-7.500000000000000000e-01,-6.928058266639709473e-01,-8.333706855773925781e-01,5.628054141998291016e-01,8.075293898582458496e-02,1.874000000000000000e+03,1.933953857421875000e+03
-8.204144239425659180e-01,1.707469075918197632e-01,-8.146939873695373535e-01,1.814462691545486450e-01,7.384430170059204102e-01,6.346590816974639893e-02,2.389000000000000000e+03,2.389650878906250000e+03
-9.499999880790710449e-01,4.394851624965667725e-02,-8.173658847808837891e-01,9.544521570205688477e-02,6.035154461860656738e-01,6.330399960279464722e-02,1.759000000000000000e+03,1.855483276367187500e+03
6.961627006530761719e-01,3.495842814445495605e-01,5.019227266311645508e-01,2.520463466644287109e-01,8.800100684165954590e-01,7.607185840606689453e-02,3.073000000000000000e+03,3.257805664062500000e+03
-5.500000119209289551e-01,3.815837576985359192e-02,-7.642003893852233887e-01,2.583059668540954590e-01,1.076152563095092773e+00,6.976614892482757568e-02,2.264000000000000000e+03,2.445291259765625000e+03
-7.763154059648513794e-02,-1.049999952316284180e+00,-9.502489864826202393e-02,-9.819177985191345215e-01,5.705974102020263672e-01,7.816147804260253906e-02,2.238000000000000000e+03,2.271919433593750000e+03
6.379825472831726074e-01,2.872454822063446045e-01,6.003708243370056152e-01,3.018012046813964844e-01,4.525603055953979492e-01,7.392849028110504150e-02,1.563000000000000000e+03,1.575412475585937500e+03
-1.943468749523162842e-01,6.961627006530761719e-01,-4.886848032474517822e-01,6.315553188323974609e-01,7.782827615737915039e-01,1.677220165729522705e-01,1.293000000000000000e+03,1.480354248046875000e+03
1.366542428731918335e-01,9.183419495820999146e-02,9.042063355445861816e-02,1.061990186572074890e-01,3.109947443008422852e-01,1.068830415606498718e-01,1.148000000000000000e+03,1.175651977539062500e+03
4.545493423938751221e-01,-3.499999940395355225e-01,2.196400016546249390e-01,-2.944431006908416748e-01,1.050715565681457520e+00,6.333745270967483521e-02,3.520000000000000000e+03,3.703718994140625000e+03
4.919050931930541992e-01,6.961627006530761719e-01,5.358709096908569336e-01,5.750243067741394043e-01,4.325122535228729248e-01,1.176159083843231201e-01,9.870000000000000000e+02,1.072755981445312500e+03
6.961627006530761719e-01,-1.051799505949020386e-01,8.260008096694946289e-01,-8.712612092494964600e-02,8.684213757514953613e-01,2.473260909318923950e-01,9.160000000000000000e+02,9.367247924804687500e+02
6.672313809394836426e-01,-2.210686355829238892e-01,4.000934958457946777e-01,-5.274935364723205566e-01,8.834509253501892090e-01,6.755883246660232544e-02,3.506000000000000000e+03,4.215573242187500000e+03
-1.100000023841857910e+00,-3.143513202667236328e-02,-1.099466443061828613e+00,-2.936312928795814514e-02,4.780636727809906006e-01,5.445919930934906006e-02,1.489000000000000000e+03,1.489030151367187500e+03
-2.666139304637908936e-01,5.481259822845458984e-01,-1.778435856103897095e-01,4.986629188060760498e-01,9.227380156517028809e-01,5.954299494624137878e-02,3.358000000000000000e+03,3.398747558593750000e+03
6.672313809394836426e-01,4.203528761863708496e-01,6.900648474693298340e-01,6.913102865219116211e-01,7.596384882926940918e-01,7.214283943176269531e-02,2.208000000000000000e+03,2.483293212890625000e+03
7.247940897941589355e-01,-3.710686266422271729e-01,6.098915338516235352e-01,-4.507722854614257812e-01,4.637282192707061768e-01,8.507928997278213501e-02,1.823000000000000000e+03,1.985465209960937500e+03
6.961627006530761719e-01,-1.834017187356948853e-01,9.401028156280517578e-01,-1.320783048868179321e-01,6.031421422958374023e-01,1.722426712512969971e-01,8.480000000000000000e+02,9.877339477539062500e+02
3.297842293977737427e-02,-8.000000119209289551e-01,1.736679822206497192e-01,-7.853448987007141113e-01,4.387438893318176270e-01,6.329185515642166138e-02,1.679000000000000000e+03,1.849153564453125000e+03
1.967435926198959351e-01,-6.188200116157531738e-01,-4.127727821469306946e-02,-5.539079308509826660e-01,9.519944190979003906e-01,5.761763453483581543e-02,3.416000000000000000e+03,3.641638183593750000e+03
-5.692623853683471680e-01,5.173884034156799316e-01,-5.000014305114746094e-01,1.649679392576217651e-01,9.158859848976135254e-01,5.305239930748939514e-02,3.338000000000000000e+03,3.834723388671875000e+03
-1.724679581820964813e-02,6.379825472831726074e-01,-1.695653051137924194e-01,9.429610371589660645e-01,8.417370319366455078e-01,5.925664678215980530e-02,2.722000000000000000e+03,3.152339111328125000e+03
-3.672468066215515137e-01,-6.000000238418579102e-01,-3.639127314090728760e-01,-4.916655421257019043e-01,6.708728671073913574e-01,1.015940234065055847e-01,1.603000000000000000e+03,1.644588256835937500e+03
2.310245782136917114e-01,-8.500000238418579102e-01,2.151848226785659790e-01,-6.004452705383300781e-01,8.227145671844482422e-01,6.297733634710311890e-02,2.449000000000000000e+03,2.670027832031250000e+03
2.807238698005676270e-01,8.910685777664184570e-01,2.323952615261077881e-01,1.017927527427673340e+00,6.139616966247558594e-01,1.500433534383773804e-01,1.509000000000000000e+03,1.581976562500000000e+03
-6.499999761581420898e-01,2.872454822063446045e-01,-6.866444349288940430e-01,2.061406895518302917e-02,8.015757799148559570e-01,8.113054931163787842e-02,3.141000000000000000e+03,3.486108154296875000e+03
4.862083792686462402e-01,-5.178191065788269043e-01,4.915278255939483643e-01,-8.210171461105346680e-01,7.532323598861694336e-01,8.668833971023559570e-02,2.397000000000000000e+03,2.771691162109375000e+03
-9.210686087608337402e-01,-2.000000029802322388e-01,-8.076286911964416504e-01,-4.831719771027565002e-02,7.620031833648681641e-01,6.145270913839340210e-02,2.380000000000000000e+03,2.525186035156250000e+03
6.379825472831726074e-01,-4.183409512042999268e-01,5.386595726013183594e-01,-3.937647044658660889e-01,8.280882239341735840e-01,8.353609591722488403e-02,2.736000000000000000e+03,2.777467041015625000e+03
-4.000000059604644775e-01,-4.188199937343597412e-01,-3.816516995429992676e-01,-3.536078035831451416e-01,8.412956595420837402e-01,7.630003988742828369e-02,2.740000000000000000e+03,2.757735107421875000e+03
5.961627364158630371e-01,4.862083792686462402e-01,7.463623285293579102e-01,3.425995111465454102e-01,4.582439363002777100e-01,1.393897682428359985e-01,9.230000000000000000e+02,1.104990234375000000e+03
-7.500000000000000000e-01,3.896152675151824951e-01,-7.490150928497314453e-01,2.063654363155364990e-01,7.944972515106201172e-01,6.272612512111663818e-02,2.988000000000000000e+03,3.144735351562500000e+03
1.336198747158050537e-01,6.379825472831726074e-01,9.340211749076843262e-02,5.788998603820800781e-01,5.077173113822937012e-01,1.317165493965148926e-01,1.181000000000000000e+03,1.204272583007812500e+03
-5.183409452438354492e-01,-6.499999761581420898e-01,-5.648930072784423828e-01,-7.715214490890502930e-01,7.632632255554199219e-01,6.326986104249954224e-02,2.869000000000000000e+03,2.951586181640625000e+03
-2.500000000000000000e-01,-1.102498918771743774e-01,-2.948412001132965088e-01,-1.111668348312377930e-01,4.157118499279022217e-01,1.505281180143356323e-01,1.144000000000000000e+03,1.157239501953125000e+03
1.764043420553207397e-01,-6.000000238418579102e-01,3.472506999969482422e-01,-8.330307006835937500e-01,8.717247247695922852e-01,5.657168105244636536e-02,3.309000000000000000e+03,3.663914306640625000e+03
6.961627006530761719e-01,9.682233631610870361e-02,5.283156633377075195e-01,2.228303998708724976e-02,4.601939022541046143e-01,1.216314733028411865e-01,1.366000000000000000e+03,1.576325073242187500e+03
3.189045488834381104e-01,6.672313809394836426e-01,4.163714945316314697e-01,7.417240738868713379e-01,8.998709917068481445e-01,5.599066987633705139e-02,2.910000000000000000e+03,2.963959960937500000e+03
-7.500000000000000000e-01,4.223684668540954590e-01,-4.957797229290008545e-01,4.088430404663085938e-01,8.409535884857177734e-01,6.492456048727035522e-02,2.641000000000000000e+03,2.878355957031250000e+03
6.961627006530761719e-01,3.033165335655212402e-01,4.709612131118774414e-01,3.312747180461883545e-01,6.437768340110778809e-01,1.737680584192276001e-01,1.560000000000000000e+03,1.748505126953125000e+03
-7.700559496879577637e-01,4.545493423938751221e-01,-7.304992079734802246e-01,5.814990401268005371e-01,7.412439584732055664e-01,5.619041621685028076e-02,2.673000000000000000e+03,2.758515869140625000e+03
7.247940897941589355e-01,-8.888775855302810669e-02,9.322401881217956543e-01,-6.518406420946121216e-02,8.050387501716613770e-01,7.767995446920394897e-02,2.437000000000000000e+03,2.598716308593750000e+03
-5.500000119209289551e-01,2.841922044754028320e-01,-2.675056159496307373e-01,2.411779016256332397e-01,8.151487708091735840e-01,1.343818157911300659e-01,2.593000000000000000e+03,2.902656982421875000e+03
-6.000000238418579102e-01,-1.296428889036178589e-01,-5.349543094635009766e-01,-1.735950857400894165e-01,3.878000378608703613e-01,1.541962772607803345e-01,1.398000000000000000e+03,1.454700561523437500e+03
5.481259822845458984e-01,-3.688199818134307861e-01,2.798453867435455322e-01,-1.342190355062484741e-01,9.844872355461120605e-01,1.042801141738891602e-01,3.329000000000000000e+03,3.752223144531250000e+03
-8.204144239425659180e-01,1.460338383913040161e-01,-6.298726797103881836e-01,2.281688749790191650e-01,8.167515993118286133e-01,6.110407784581184387e-02,3.133000000000000000e+03,3.332394287109375000e+03
5.784529447555541992e-01,-6.000000238418579102e-01,5.352325439453125000e-01,-2.657269537448883057e-01,8.810719251632690430e-01,6.886268407106399536e-02,3.343000000000000000e+03,3.816431640625000000e+03
-7.337360829114913940e-02,6.961627006530761719e-01,-1.121757254004478455e-01,5.975937247276306152e-01,8.314635157585144043e-01,1.638303995132446289e-01,1.844000000000000000e+03,1.873872070312500000e+03
-8.500000238418579102e-01,-6.235956549644470215e-01,-9.819135069847106934e-01,-6.669548749923706055e-01,5.669473409652709961e-01,8.620496094226837158e-02,1.863000000000000000e+03,1.972915405273437500e+03
-9.499999880790710449e-01,6.698119640350341797e-02,-8.195389509201049805e-01,-9.518840909004211426e-02,5.846446752548217773e-01,8.073660731315612793e-02,1.461000000000000000e+03,1.641035034179687500e+03
-5.517995357513427734e-02,-1.000000000000000000e+00,9.607725590467453003e-02,-1.215367794036865234e+00,5.607275962829589844e-01,1.118576601147651672e-01,1.359000000000000000e+03,1.644503906250000000e+03
4.862083792686462402e-01,-7.500000000000000000e-01,5.817423462867736816e-01,-6.423153877258300781e-01,7.316824793815612793e-01,7.608526945114135742e-02,2.376000000000000000e+03,2.467136718750000000e+03
1.366542428731918335e-01,6.961627006530761719e-01,1.454529762268066406e-01,7.488553524017333984e-01,8.817169070243835449e-01,9.458238631486892700e-02,2.360000000000000000e+03,2.368693847656250000e+03
-6.000000238418579102e-01,-8.500000238418579102e-01,-4.406886994838714600e-01,-9.993360042572021484e-01,5.581471920013427734e-01,9.481131285429000854e-02,1.523000000000000000e+03,1.748776489257812500e+03
4.482004791498184204e-02,-4.672468006610870361e-01,1.649158261716365814e-02,-3.690575063228607178e-01,4.787154197692871094e-01,1.131790578365325928e-01,1.307000000000000000e+03,1.366058471679687500e+03
3.562291860580444336e-01,-6.692624092102050781e-01,2.619564831256866455e-01,-5.936563014984130859e-01,6.491344571113586426e-01,7.315681874752044678e-02,1.860000000000000000e+03,1.923938476562500000e+03
6.961627006530761719e-01,5.036725103855133057e-02,8.883532881736755371e-01,-6.167704239487648010e-02,6.067715287208557129e-01,1.622309088706970215e-01,9.710000000000000000e+02,1.097843627929687500e+03
-1.278634667396545410e-01,6.961627006530761719e-01,-6.561498343944549561e-02,6.544959545135498047e-01,4.398758709430694580e-01,1.528864204883575439e-01,1.098000000000000000e+03,1.129606689453125000e+03
-1.631237119436264038e-01,5.784529447555541992e-01,-1.552624106407165527e-01,6.738423705101013184e-01,5.107106566429138184e-01,1.111212372779846191e-01,1.878000000000000000e+03,1.943321533203125000e+03
-7.500000000000000000e-01,-5.354372859001159668e-01,-8.218198418617248535e-01,-4.319621920585632324e-01,6.241391301155090332e-01,1.175257861614227295e-01,1.054000000000000000e+03,1.096512939453125000e+03
-7.500000000000000000e-01,1.668942272663116455e-01,-7.893101572990417480e-01,1.785965114831924438e-01,6.560713648796081543e-01,1.080455929040908813e-01,1.342000000000000000e+03,1.347278320312500000e+03
6.961627006530761719e-01,-1.683409363031387329e-01,7.461123466491699219e-01,-1.699282974004745483e-01,8.634777069091796875e-01,9.568738937377929688e-02,2.859000000000000000e+03,2.868507568359375000e+03
-7.500000000000000000e-01,-3.151089549064636230e-01,-7.153259515762329102e-01,-3.032241761684417725e-01,5.932242274284362793e-01,8.797187358140945435e-02,2.032000000000000000e+03,2.039736816406250000e+03
-8.000000119209289551e-01,-1.000000014901161194e-01,-9.201493859291076660e-01,9.702105075120925903e-02,8.164092898368835449e-01,8.381301909685134888e-02,2.313000000000000000e+03,2.494220214843750000e+03
3.896152675151824951e-01,3.562291860580444336e-01,5.710746645927429199e-01,5.213044285774230957e-01,6.426583528518676758e-01,5.579653009772300720e-02,1.994000000000000000e+03,2.275310302734375000e+03
-1.183409467339515686e-01,-5.692623853683471680e-01,-1.569062620401382446e-01,-6.932051181793212891e-01,4.392706751823425293e-01,1.216774433851242065e-01,1.088000000000000000e+03,1.180935668945312500e+03
6.672313809394836426e-01,-4.204144179821014404e-01,8.221377134323120117e-01,-8.876394480466842651e-02,8.293859362602233887e-01,1.660965234041213989e-01,2.876000000000000000e+03,3.414213867187500000e+03
6.961627006530761719e-01,-2.046996653079986572e-01,8.938150405883789062e-01,-3.577332496643066406e-01,6.942622065544128418e-01,1.698300987482070923e-01,7.880000000000000000e+02,8.874035034179687500e+02
-9.499999880790710449e-01,-1.651788055896759033e-01,-7.356624603271484375e-01,-2.912472784519195557e-01,7.183779478073120117e-01,7.345960289239883423e-02,2.698000000000000000e+03,3.012661621093750000e+03
-8.000000119209289551e-01,-5.967298895120620728e-02,-9.268230199813842773e-01,-1.009269431233406067e-02,5.810675024986267090e-01,7.099507004022598267e-02,1.813000000000000000e+03,1.911469116210937500e+03
-6.999999880790710449e-01,2.841922044754028320e-01,-8.400765657424926758e-01,5.557423457503318787e-02,9.661917090415954590e-01,5.271209776401519775e-02,2.945000000000000000e+03,3.167758300781250000e+03
-5.000000000000000000e-01,-8.999999761581420898e-01,-3.663021922111511230e-01,-9.614683985710144043e-01,5.766914486885070801e-01,6.374511867761611938e-02,1.716000000000000000e+03,1.826236206054687500e+03
1.956756711006164551e-01,6.672313809394836426e-01,1.839320510625839233e-01,7.550061941146850586e-01,6.297799348831176758e-01,8.308714628219604492e-02,2.065000000000000000e+03,2.105692626953125000e+03
6.672313809394836426e-01,6.961627006530761719e-01,8.234272003173828125e-01,6.688260436058044434e-01,7.365341186523437500e-01,5.611717328429222107e-02,1.957000000000000000e+03,2.046840087890625000e+03
-8.707512021064758301e-01,-3.405061364173889160e-02,-9.076394438743591309e-01,1.046237647533416748e-01,4.756613075733184814e-01,5.971785634756088257e-02,1.376000000000000000e+03,1.498628662109375000e+03
-4.785104095935821533e-02,-9.210686087608337402e-01,-7.510962337255477905e-02,-9.471464753150939941e-01,7.862513661384582520e-01,6.072331964969635010e-02,2.263000000000000000e+03,2.268235107421875000e+03
2.721365392208099365e-01,6.961627006530761719e-01,2.015425115823745728e-01,7.528090476989746094e-01,6.501414775848388672e-01,2.282786667346954346e-01,3.420000000000000000e+02,3.485886840820312500e+02
-2.387553751468658447e-01,-8.999999761581420898e-01,-1.643121838569641113e-01,-6.848735809326171875e-01,6.118302941322326660e-01,7.341520488262176514e-02,2.117000000000000000e+03,2.401125244140625000e+03
7.247940897941589355e-01,6.461627483367919922e-01,7.852787375450134277e-01,5.506044030189514160e-01,5.921738147735595703e-01,1.306003034114837646e-01,1.481000000000000000e+03,1.534655639648437500e+03
5.784529447555541992e-01,-4.499999880790710449e-01,3.922294676303863525e-01,-5.917778611183166504e-01,9.236235618591308594e-01,6.986989080905914307e-02,2.980000000000000000e+03,3.168771728515625000e+03
1.366542428731918335e-01,-7.500000000000000000e-01,-2.291748486459255219e-02,-9.158939719200134277e-01,9.036944508552551270e-01,5.836038291454315186e-02,3.609000000000000000e+03,3.839763916015625000e+03
4.862083792686462402e-01,4.223684668540954590e-01,4.622257947921752930e-01,3.241455256938934326e-01,8.808301091194152832e-01,7.903849333524703979e-02,2.519000000000000000e+03,2.552202880859375000e+03
-7.196730375289916992e-01,2.145627290010452271e-01,-6.007334589958190918e-01,3.938275575637817383e-01,7.032883167266845703e-01,6.818576902151107788e-02,2.802000000000000000e+03,3.058089599609375000e+03
4.724113047122955322e-01,-8.999999761581420898e-01,3.219732046127319336e-01,-9.518123269081115723e-01,7.050422430038452148e-01,9.149600565433502197e-02,1.785000000000000000e+03,1.874931396484375000e+03
-1.000000000000000000e+00,2.555225789546966553e-01,-1.099725484848022461e+00,2.062127888202667236e-01,5.365688800811767578e-01,7.232783734798431396e-02,1.720000000000000000e+03,1.793277343750000000e+03
-2.299907803535461426e-02,-5.000000000000000000e-01,-1.350345909595489502e-01,-4.627041220664978027e-01,5.000448822975158691e-01,1.750252097845077515e-01,8.180000000000000000e+02,8.630894775390625000e+02
6.961627006530761719e-01,6.083970069885253906e-01,8.035565018653869629e-01,5.466787815093994141e-01,7.260787487030029297e-01,6.363035738468170166e-02,2.337000000000000000e+03,2.404700439453125000e+03
6.672313809394836426e-01,4.183419048786163330e-02,7.455101013183593750e-01,-1.055184602737426758e-01,6.587125658988952637e-01,6.664979457855224609e-02,2.224000000000000000e+03,2.364223144531250000e+03
-4.499999880790710449e-01,-8.500000238418579102e-01,-3.839018046855926514e-01,-8.180536627769470215e-01,4.497994482517242432e-01,8.135250210762023926e-02,1.142000000000000000e+03,1.172221923828125000e+03
5.173884034156799316e-01,1.591575443744659424e-01,1.287158727645874023e-01,1.517172753810882568e-01,6.649691462516784668e-01,9.635955840349197388e-02,2.209000000000000000e+03,2.916698242187500000e+03
6.961627006530761719e-01,1.289127171039581299e-01,8.362967371940612793e-01,-3.314310908317565918e-01,7.332150340080261230e-01,1.904449760913848877e-01,1.649000000000000000e+03,2.307934082031250000e+03
-6.700559854507446289e-01,5.784529447555541992e-01,-5.009230375289916992e-01,5.913927555084228516e-01,6.194671392440795898e-01,6.009505689144134521e-02,2.129000000000000000e+03,2.285802734375000000e+03
-4.696730375289916992e-01,-7.500000000000000000e-01,-4.796316921710968018e-01,-6.788163185119628906e-01,5.116187930107116699e-01,6.818806380033493042e-02,1.750000000000000000e+03,1.784485229492187500e+03
-4.000000059604644775e-01,-8.500000238418579102e-01,-4.358975887298583984e-01,-1.045293807983398438e+00,6.404004096984863281e-01,7.693053781986236572e-02,2.014000000000000000e+03,2.203524902343750000e+03
5.805408954620361328e-02,-8.707512021064758301e-01,2.177530676126480103e-01,-9.649144411087036133e-01,5.666553378105163574e-01,7.768563926219940186e-02,1.841000000000000000e+03,2.032956787109375000e+03
3.562291860580444336e-01,3.858147561550140381e-01,1.127804368734359741e-01,3.892389535903930664e-01,8.995218873023986816e-01,6.888584792613983154e-02,2.998000000000000000e+03,3.213920410156250000e+03
6.961627006530761719e-01,6.478476524353027344e-02,7.254999279975891113e-01,4.179193675518035889e-01,7.710471153259277344e-01,2.057968080043792725e-01,9.590000000000000000e+02,1.153090332031250000e+03
5.784529447555541992e-01,1.673918515443801880e-01,4.103757143020629883e-01,3.890640735626220703e-01,1.112304687500000000e+00,6.005128100514411926e-02,4.144000000000000000e+03,4.399199707031250000e+03
-5.692623853683471680e-01,-5.000000000000000000e-01,-4.542213678359985352e-01,-4.413115680217742920e-01,4.411372542381286621e-01,8.996991068124771118e-02,1.252000000000000000e+03,1.357130249023437500e+03
-6.999999880790710449e-01,-1.678191274404525757e-01,-9.777928590774536133e-01,-1.999898552894592285e-01,6.666157841682434082e-01,2.933308780193328857e-01,2.794000000000000000e+03,3.266655029296875000e+03
-9.422773122787475586e-02,6.961627006530761719e-01,-4.788960143923759460e-02,4.750774502754211426e-01,7.066535353660583496e-01,7.893012464046478271e-02,2.699000000000000000e+03,2.968087158203125000e+03
-3.460794314742088318e-02,-8.707512021064758301e-01,-3.488090336322784424e-01,-8.159967064857482910e-01,8.175626397132873535e-01,6.144279241561889648e-02,2.970000000000000000e+03,3.406952148437500000e+03
-7.500000000000000000e-01,5.784529447555541992e-01,-8.452738523483276367e-01,4.987616837024688721e-01,5.535665750503540039e-01,1.274901628494262695e-01,1.949000000000000000e+03,2.045705078125000000e+03
6.961627006530761719e-01,7.072421908378601074e-02,7.152615785598754883e-01,2.821223735809326172e-01,6.477003097534179688e-01,1.979084461927413940e-01,7.110000000000000000e+02,7.854351196289062500e+02
-3.842482864856719971e-01,-6.999999880790710449e-01,-6.230000853538513184e-01,-8.051776885986328125e-01,8.377916812896728516e-01,8.174986392259597778e-02,3.034000000000000000e+03,3.321891113281250000e+03
-6.188200116157531738e-01,6.379825472831726074e-01,-5.196315050125122070e-01,4.447595477104187012e-01,6.241782307624816895e-01,1.019471958279609680e-01,1.978000000000000000e+03,2.211438476562500000e+03
9.482004493474960327e-02,-6.499999761581420898e-01,3.576966822147369385e-01,-8.361714482307434082e-01,7.200087904930114746e-01,7.385133206844329834e-02,2.966000000000000000e+03,3.535743164062500000e+03
-2.840969860553741455e-01,6.083970069885253906e-01,-2.133720815181732178e-01,5.897949934005737305e-01,6.756286025047302246e-01,2.923199832439422607e-01,3.056000000000000000e+03,3.091706787109375000e+03
3.562291860580444336e-01,-3.499999940395355225e-01,2.913952469825744629e-01,-5.180351138114929199e-01,5.965533852577209473e-01,2.137698829174041748e-01,1.543000000000000000e+03,1.680511718750000000e+03
6.961627006530761719e-01,1.764043420553207397e-01,7.064365744590759277e-01,3.360037803649902344e-01,7.156344056129455566e-01,6.454867124557495117e-02,1.902000000000000000e+03,1.995891967773437500e+03
-5.500000119209289551e-01,2.479487806558609009e-01,-6.388570070266723633e-01,4.005464911460876465e-01,9.632335901260375977e-01,7.164261490106582642e-02,3.487000000000000000e+03,3.603362304687500000e+03
-6.999999880790710449e-01,-2.598493546247482300e-02,-7.842795252799987793e-01,3.657186925411224365e-01,7.256119847297668457e-01,8.639747649431228638e-02,2.062000000000000000e+03,2.655546630859375000e+03
-7.700559496879577637e-01,1.511202454566955566e-01,-6.007210612297058105e-01,6.452316790819168091e-02,6.923151016235351562e-01,6.272359937429428101e-02,2.528000000000000000e+03,2.715854980468750000e+03
2.514390051364898682e-01,-5.000000000000000000e-01,2.092600911855697632e-01,-4.222806692123413086e-01,7.008656263351440430e-01,1.856377422809600830e-01,1.956000000000000000e+03,1.986912353515625000e+03
-4.380140006542205811e-01,-8.000000119209289551e-01,-2.937879860401153564e-01,-8.142489790916442871e-01,6.498513221740722656e-01,6.768877804279327393e-02,2.530000000000000000e+03,2.654254882812500000e+03
7.531411051750183105e-01,9.694463759660720825e-02,4.170278906822204590e-01,6.398894637823104858e-02,9.722372293472290039e-01,6.844399124383926392e-02,2.645000000000000000e+03,2.955926757812500000e+03
7.531411051750183105e-01,6.907014250755310059e-01,7.766504287719726562e-01,6.694255471229553223e-01,5.364594459533691406e-01,1.144272387027740479e-01,1.261000000000000000e+03,1.265416503906250000e+03
-5.500000119209289551e-01,-4.678191244602203369e-01,-5.971173644065856934e-01,-1.407836750149726868e-02,1.046948194503784180e+00,6.850517541170120239e-02,3.304000000000000000e+03,3.906361083984375000e+03
5.096152052283287048e-02,-9.499999880790710449e-01,2.609458267688751221e-01,-1.053887009620666504e+00,6.933995485305786133e-01,5.956449732184410095e-02,2.749000000000000000e+03,3.054683105468750000e+03
-3.042782284319400787e-02,-8.000000119209289551e-01,-8.343596011400222778e-03,-6.587293148040771484e-01,6.088938713073730469e-01,1.296498477458953857e-01,2.314000000000000000e+03,2.439679687500000000e+03
-7.500000000000000000e-01,4.223684668540954590e-01,-5.268726944923400879e-01,4.628702402114868164e-01,7.421704530715942383e-01,9.611234813928604126e-02,1.526000000000000000e+03,1.665469238281250000e+03
4.857293367385864258e-01,-6.188200116157531738e-01,4.911913871765136719e-01,-5.712643861770629883e-01,8.941275477409362793e-01,5.797592550516128540e-02,2.806000000000000000e+03,2.814072021484375000e+03
-8.500000238418579102e-01,-2.500000000000000000e-01,-7.442445755004882812e-01,-6.356310099363327026e-02,6.862733364105224609e-01,9.687708318233489990e-02,2.840000000000000000e+03,3.110602294921875000e+03
5.173884034156799316e-01,-2.000000029802322388e-01,4.097231030464172363e-01,-1.436218619346618652e-01,5.027454495429992676e-01,9.296827763319015503e-02,1.722000000000000000e+03,1.821178100585937500e+03
5.502277985215187073e-02,-6.999999880790710449e-01,-3.286461159586906433e-02,-6.143472194671630859e-01,9.842162728309631348e-01,6.525629758834838867e-02,3.044000000000000000e+03,3.091312988281250000e+03
2.855316698551177979e-01,-4.499999880790710449e-01,5.264346599578857422e-01,-6.402768492698669434e-01,8.036499023437500000e-01,6.568093597888946533e-02,2.319000000000000000e+03,2.646160644531250000e+03
3.562291860580444336e-01,-2.000000029802322388e-01,2.824507355690002441e-01,-7.814203202724456787e-02,7.684994935989379883e-01,6.866597384214401245e-02,2.674000000000000000e+03,2.765378906250000000e+03
-1.000000000000000000e+00,4.385133683681488037e-01,-1.026873350143432617e+00,4.013298153877258301e-01,6.106829643249511719e-01,5.141809955239295959e-02,2.311000000000000000e+03,2.323952636718750000e+03
-5.000000074505805969e-02,6.672313809394836426e-01,-4.684066772460937500e-02,7.046431303024291992e-01,6.574395895004272461e-01,5.037409439682960510e-02,2.233000000000000000e+03,2.240296630859375000e+03
6.961627006530761719e-01,-2.686383575201034546e-02,8.832168579101562500e-01,-1.990644633769989014e-01,8.209708929061889648e-01,7.553446292877197266e-02,2.335000000000000000e+03,2.553820556640625000e+03
-3.499999940395355225e-01,6.961627006530761719e-01,-4.346101880073547363e-01,7.888850569725036621e-01,8.515580892562866211e-01,6.240624561905860901e-02,3.253000000000000000e+03,3.323522460937500000e+03
3.545493185520172119e-01,-6.692624092102050781e-01,2.927106916904449463e-01,-9.778293967247009277e-01,7.268179655075073242e-01,7.698000222444534302e-02,1.706000000000000000e+03,2.013559448242187500e+03
-2.011133581399917603e-01,-7.500000000000000000e-01,-3.749316185712814331e-02,-7.412286996841430664e-01,7.067538499832153320e-01,6.739473342895507812e-02,2.716000000000000000e+03,2.859897949218750000e+03
6.961627006530761719e-01,5.473324060440063477e-01,5.493981838226318359e-01,4.487739801406860352e-01,6.157326102256774902e-01,1.017299443483352661e-01,1.943000000000000000e+03,2.099943847656250000e+03
-6.692624092102050781e-01,-4.000000059604644775e-01,-7.572050094604492188e-01,-6.638309955596923828e-01,6.561923027038574219e-01,9.334091097116470337e-02,2.143000000000000000e+03,2.513769775390625000e+03
-5.683409571647644043e-01,-4.499999880790710449e-01,-3.813211917877197266e-01,-5.651085972785949707e-01,9.876822829246520996e-01,7.209841907024383545e-02,2.681000000000000000e+03,2.811997070312500000e+03
0.000000000000000000e+00,4.545493423938751221e-01,-2.873468101024627686e-01,4.117830395698547363e-01,8.631886839866638184e-01,6.366947293281555176e-02,3.568000000000000000e+03,3.961595458984375000e+03
2.104970067739486694e-01,5.784529447555541992e-01,4.605388343334197998e-01,3.395280838012695312e-01,1.068235874176025391e+00,6.193120777606964111e-02,3.260000000000000000e+03,3.593079589843750000e+03
-8.999999761581420898e-01,-3.000000119209289551e-01,-8.885735273361206055e-01,-4.521279931068420410e-01,7.492885589599609375e-01,7.066746056079864502e-02,2.636000000000000000e+03,2.744095703125000000e+03
6.961627006530761719e-01,4.784529507160186768e-01,7.799921631813049316e-01,6.094533205032348633e-01,7.608475685119628906e-01,1.233059018850326538e-01,1.613000000000000000e+03,1.679874267578125000e+03
-4.213686585426330566e-01,7.531411051750183105e-01,-4.452635347843170166e-01,1.050470948219299316e+00,5.934621691703796387e-01,7.656919211149215698e-02,1.926000000000000000e+03,2.389100097656250000e+03
-1.688199937343597412e-01,-7.500000000000000000e-01,7.990943640470504761e-02,-8.166976571083068848e-01,9.043313860893249512e-01,8.783104270696640015e-02,3.032000000000000000e+03,3.273735595703125000e+03
5.784529447555541992e-01,4.545493423938751221e-01,4.416300952434539795e-01,4.870181977748870850e-01,7.662580609321594238e-01,4.813833534717559814e-02,2.710000000000000000e+03,2.800433593750000000e+03
5.784529447555541992e-01,6.961627006530761719e-01,5.044566988945007324e-01,8.311169743537902832e-01,6.967123150825500488e-01,8.184433728456497192e-02,1.794000000000000000e+03,1.880312866210937500e+03
-5.390921831130981445e-01,6.961627006530761719e-01,-9.425173401832580566e-01,6.285619139671325684e-01,7.294982671737670898e-01,1.279516071081161499e-01,1.690000000000000000e+03,2.189988037109375000e+03
-8.000000119209289551e-01,3.024634718894958496e-01,-9.634426236152648926e-01,2.249056398868560791e-01,7.684957385063171387e-01,6.432099640369415283e-02,2.686000000000000000e+03,2.832606201171875000e+03
6.083970069885253906e-01,6.961627006530761719e-01,5.853537917137145996e-01,8.409047722816467285e-01,6.114372014999389648e-01,9.775379300117492676e-02,1.898000000000000000e+03,2.005735473632812500e+03
-8.000000119209289551e-01,-2.342482805252075195e-01,-8.662319183349609375e-01,-1.554156690835952759e-01,5.724416375160217285e-01,5.773960053920745850e-02,2.025000000000000000e+03,2.090178955078125000e+03
4.862083792686462402e-01,-7.196730375289916992e-01,5.666014552116394043e-01,-8.150957226753234863e-01,7.191137075424194336e-01,5.283357948064804077e-02,2.265000000000000000e+03,2.332712402343750000e+03
-5.178191065788269043e-01,-3.010084480047225952e-02,-4.794288873672485352e-01,4.118319228291511536e-02,7.164722681045532227e-01,1.148140802979469299e-01,2.516000000000000000e+03,2.547978759765625000e+03
-1.000000014901161194e-01,6.961627006530761719e-01,-1.892088502645492554e-01,9.481514096260070801e-01,7.375496029853820801e-01,1.238251999020576477e-01,2.158000000000000000e+03,2.433419677734375000e+03
-8.500000238418579102e-01,2.139468342065811157e-01,-7.246739864349365234e-01,3.743681907653808594e-01,7.323755621910095215e-01,6.992629915475845337e-02,2.529000000000000000e+03,2.721139404296875000e+03
7.757325470447540283e-02,-8.000000119209289551e-01,-5.281464383006095886e-02,-6.697864532470703125e-01,8.337078094482421875e-01,5.378551408648490906e-02,2.060000000000000000e+03,2.159623535156250000e+03
6.961627006530761719e-01,4.183419048786163330e-02,6.003766059875488281e-01,-2.836309075355529785e-01,7.909430265426635742e-01,1.328336447477340698e-01,2.236000000000000000e+03,2.631644042968750000e+03
-7.633457779884338379e-01,-5.903310179710388184e-01,-5.312652587890625000e-01,-5.122984051704406738e-01,6.606667637825012207e-01,7.674025744199752808e-02,2.085000000000000000e+03,2.362681152343750000e+03
-2.698579989373683929e-02,6.961627006530761719e-01,-1.702359467744827271e-01,6.610811352729797363e-01,7.534888386726379395e-01,7.029101997613906860e-02,2.549000000000000000e+03,2.645672851562500000e+03
-8.500000238418579102e-01,-2.659073472023010254e-01,-1.005040287971496582e+00,-2.308603227138519287e-01,6.096293926239013672e-01,8.434367179870605469e-02,1.767000000000000000e+03,1.885340454101562500e+03
6.672313809394836426e-01,-1.648770421743392944e-01,6.570547819137573242e-01,-7.408402115106582642e-02,3.933811187744140625e-01,1.756438910961151123e-01,1.194000000000000000e+03,1.257575927734375000e+03
-8.500000238418579102e-01,-3.735956549644470215e-01,-6.460516452789306641e-01,-4.948880076408386230e-01,5.377292037010192871e-01,7.347461581230163574e-02,2.023000000000000000e+03,2.401583740234375000e+03
-8.500000238418579102e-01,2.908270061016082764e-01,-7.985140681266784668e-01,4.613239169120788574e-01,5.033026337623596191e-01,9.671000391244888306e-02,1.208000000000000000e+03,1.355120239257812500e+03
-7.500000000000000000e-01,1.071419566869735718e-01,-7.386224269866943359e-01,1.475594043731689453e-01,9.440773725509643555e-01,6.306284666061401367e-02,2.693000000000000000e+03,2.698351318359375000e+03
-9.210686087608337402e-01,2.806337475776672363e-01,-1.020760416984558105e+00,3.178184628486633301e-01,6.263446807861328125e-01,5.655566230416297913e-02,1.997000000000000000e+03,2.054120361328125000e+03
-3.696730434894561768e-01,6.083970069885253906e-01,-8.323863148689270020e-02,6.041288375854492188e-01,7.870197296142578125e-01,8.129200339317321777e-02,2.837000000000000000e+03,3.201901855468750000e+03
8.090378642082214355e-01,3.720497190952301025e-01,6.551179289817810059e-01,5.760290026664733887e-01,8.055441975593566895e-01,8.093930035829544067e-02,1.627000000000000000e+03,1.787226074218750000e+03
-4.000000059604644775e-01,6.672313809394836426e-01,-7.285127639770507812e-01,3.376290500164031982e-01,9.337942600250244141e-01,6.382355093955993652e-02,3.348000000000000000e+03,4.137988281250000000e+03
-1.000000000000000000e+00,-2.527553439140319824e-01,-8.692036867141723633e-01,-7.420520484447479248e-02,6.570062637329101562e-01,6.252489984035491943e-02,1.646000000000000000e+03,1.828302001953125000e+03
7.640434801578521729e-02,-6.499999761581420898e-01,-9.344518929719924927e-02,-5.541977882385253906e-01,8.585588932037353516e-01,7.940685003995895386e-02,2.399000000000000000e+03,2.521097412109375000e+03
-1.000000000000000000e+00,-6.704144477844238281e-01,-1.097950339317321777e+00,-6.883762478828430176e-01,4.497400522232055664e-01,8.493500947952270508e-02,1.375000000000000000e+03,1.441496215820312500e+03
-7.500000000000000000e-01,-6.192623972892761230e-01,-6.307106018066406250e-01,-8.734993934631347656e-01,6.124175786972045898e-01,8.006914705038070679e-02,1.852000000000000000e+03,2.224037109375000000e+03
-1.059878058731555939e-02,7.247940897941589355e-01,2.373117953538894653e-01,6.924228072166442871e-01,7.009330987930297852e-01,6.494304537773132324e-02,2.248000000000000000e+03,2.526099853515625000e+03
-9.499999880790710449e-01,-5.705143511295318604e-02,-8.763634562492370605e-01,-9.904631227254867554e-02,4.228158891201019287e-01,1.555866450071334839e-01,1.480000000000000000e+03,1.539037597656250000e+03
-3.499999940395355225e-01,6.083970069885253906e-01,-3.270885050296783447e-01,5.405171513557434082e-01,8.859309554100036621e-01,7.488975673913955688e-02,2.755000000000000000e+03,2.773058349609375000e+03
4.862083792686462402e-01,-6.999999880790710449e-01,4.596989750862121582e-01,-5.595973134040832520e-01,6.060774326324462891e-01,7.696006447076797485e-02,2.209000000000000000e+03,2.330166259765625000e+03
5.173884034156799316e-01,4.545493423938751221e-01,4.958951175212860107e-01,5.084699988365173340e-01,4.943342506885528564e-01,1.765747517347335815e-01,1.282000000000000000e+03,1.299668945312500000e+03
6.961627006530761719e-01,9.935148805379867554e-02,6.226982474327087402e-01,1.511253714561462402e-01,8.602592349052429199e-01,6.607969850301742554e-02,2.986000000000000000e+03,3.018600585937500000e+03
6.961627006530761719e-01,5.587090179324150085e-02,6.895718574523925781e-01,7.160376012325286865e-02,5.368430614471435547e-01,1.092454716563224792e-01,1.615000000000000000e+03,1.616605346679687500e+03
3.896152675151824951e-01,-1.090401336550712585e-01,3.681770861148834229e-01,-7.443977892398834229e-02,2.988767623901367188e-01,1.300020068883895874e-01,1.158000000000000000e+03,1.179307495117187500e+03
6.961627006530761719e-01,3.896152675151824951e-01,6.699837446212768555e-01,1.523475795984268188e-01,8.350780010223388672e-01,7.265651226043701172e-02,2.924000000000000000e+03,3.158141357421875000e+03
-8.707512021064758301e-01,2.995477989315986633e-02,-7.840129137039184570e-01,9.319259226322174072e-02,4.649308919906616211e-01,9.845329076051712036e-02,1.300000000000000000e+03,1.368533203125000000e+03
-8.500000238418579102e-01,4.724113047122955322e-01,-7.250834107398986816e-01,4.587267935276031494e-01,4.772204160690307617e-01,8.188819140195846558e-02,1.267000000000000000e+03,1.353423950195312500e+03
7.812180519104003906e-01,-8.235956430435180664e-01,7.905210852622985840e-01,-9.056401252746582031e-01,4.349180161952972412e-01,8.967630565166473389e-02,1.201000000000000000e+03,1.244010742187500000e+03
6.379825472831726074e-01,-5.500000119209289551e-01,5.369908213615417480e-01,-6.367086768150329590e-01,6.614319086074829102e-01,7.425860315561294556e-02,2.200000000000000000e+03,2.288246826171875000e+03
6.961627006530761719e-01,1.032043322920799255e-01,9.381867647171020508e-01,1.408716142177581787e-01,9.356297254562377930e-01,6.440479308366775513e-02,2.659000000000000000e+03,2.838722412109375000e+03
-1.000000000000000000e+00,6.814492493867874146e-02,-8.508036136627197266e-01,7.552869617938995361e-03,6.039881706237792969e-01,8.936237543821334839e-02,1.891000000000000000e+03,2.022957641601562500e+03
-8.500000238418579102e-01,4.862083792686462402e-01,-9.392736554145812988e-01,1.219355985522270203e-01,7.350018620491027832e-01,6.295514851808547974e-02,1.995000000000000000e+03,2.487549804687500000e+03
-4.499999880790710449e-01,4.545493423938751221e-01,-4.979569017887115479e-01,2.024867832660675049e-01,7.299178242683410645e-01,2.994771897792816162e-01,1.238000000000000000e+03,1.387009399414062500e+03
5.784529447555541992e-01,-6.000000238418579102e-01,2.141584903001785278e-01,-3.193449676036834717e-01,9.348440766334533691e-01,6.417126208543777466e-02,3.545000000000000000e+03,4.362810546875000000e+03
-1.458473950624465942e-01,7.531411051750183105e-01,-1.007547378540039062e-01,8.209969401359558105e-01,4.147908091545104980e-01,1.879054456949234009e-01,5.930000000000000000e+02,6.156177368164062500e+02
6.961627006530761719e-01,8.251334726810455322e-02,5.990707278251647949e-01,-7.647120859473943710e-03,9.322705864906311035e-01,6.888796389102935791e-02,3.719000000000000000e+03,3.793945068359375000e+03
-4.376612305641174316e-01,6.961627006530761719e-01,-1.993206441402435303e-01,9.222793579101562500e-01,7.594369649887084961e-01,1.082848384976387024e-01,2.121000000000000000e+03,2.501949707031250000e+03
5.863980054855346680e-01,7.812180519104003906e-01,4.257553517818450928e-01,7.407216429710388184e-01,5.986229777336120605e-01,8.597690612077713013e-02,1.728000000000000000e+03,1.858127807617187500e+03
-6.999999880790710449e-01,-5.500000119209289551e-01,-7.884724736213684082e-01,-5.472247004508972168e-01,7.929406166076660156e-01,5.680349841713905334e-02,2.968000000000000000e+03,3.005035156250000000e+03
-4.524243250489234924e-02,1.023584365844726562e+00,-1.069972738623619080e-01,1.177872538566589355e+00,4.508094191551208496e-01,1.294226050376892090e-01,9.120000000000000000e+02,1.032061401367187500e+03
6.083970069885253906e-01,9.962586313486099243e-02,2.250764667987823486e-01,1.207228079438209534e-01,8.617309927940368652e-01,1.041428893804550171e-01,2.861000000000000000e+03,3.406488769531250000e+03
8.665423840284347534e-02,-4.000000059604644775e-01,2.001123875379562378e-01,-2.987776994705200195e-01,5.360236167907714844e-01,2.416769713163375854e-01,1.263000000000000000e+03,1.362822753906250000e+03
7.247940897941589355e-01,-8.419235050678253174e-02,8.357880711555480957e-01,5.830557551234960556e-03,8.125945329666137695e-01,9.303621202707290649e-02,2.690000000000000000e+03,2.772443847656250000e+03
6.961627006530761719e-01,-1.182654723525047302e-01,6.208477020263671875e-01,-9.604372829198837280e-02,6.152856945991516113e-01,1.316297650337219238e-01,1.868000000000000000e+03,1.898260864257812500e+03
-3.499999940395355225e-01,-2.000000029802322388e-01,-2.442637532949447632e-01,-6.633599847555160522e-02,9.483664035797119141e-01,3.579357564449310303e-01,9.724000000000000000e+03,1.003509472656250000e+04
-4.000000059604644775e-01,3.896152675151824951e-01,-3.218011558055877686e-01,3.441737592220306396e-01,7.863297462463378906e-01,1.070052161812782288e-01,2.287000000000000000e+03,2.317144775390625000e+03
4.023124873638153076e-01,-7.500000000000000000e-01,6.429083943367004395e-01,-6.929996609687805176e-01,5.977613329887390137e-01,6.579300761222839355e-02,2.182000000000000000e+03,2.541551269531250000e+03
6.456272304058074951e-02,4.545493423938751221e-01,1.869440376758575439e-01,4.342007637023925781e-01,3.747492730617523193e-01,1.338848471641540527e-01,9.600000000000000000e+02,1.062553100585937500e+03
-7.500000000000000000e-01,-6.999999880790710449e-01,-7.117651104927062988e-01,-9.687751531600952148e-01,6.725798249244689941e-01,6.728718429803848267e-02,1.732000000000000000e+03,2.004792236328125000e+03
-4.192623794078826904e-01,5.784529447555541992e-01,-7.191059589385986328e-01,4.280539751052856445e-01,9.863702654838562012e-01,6.156790629029273987e-02,2.549000000000000000e+03,2.835854980468750000e+03
3.896152675151824951e-01,4.862083792686462402e-01,4.022806286811828613e-01,5.618429183959960938e-01,9.188512563705444336e-01,7.747206836938858032e-02,3.368000000000000000e+03,3.391486083984375000e+03
1.953003257513046265e-01,5.173884034156799316e-01,-5.548607558012008667e-03,4.146346151828765869e-01,7.169170379638671875e-01,7.665050029754638672e-02,2.545000000000000000e+03,2.791536865234375000e+03
-1.389978379011154175e-01,-1.000000000000000000e+00,-1.273933649063110352e-01,-1.074650883674621582e+00,5.250424742698669434e-01,9.002947062253952026e-02,1.478000000000000000e+03,1.508452270507812500e+03
6.379825472831726074e-01,-2.000000029802322388e-01,8.013889193534851074e-01,-1.158837676048278809e-01,6.411187648773193359e-01,8.408324420452117920e-02,2.492000000000000000e+03,2.693288818359375000e+03
-2.000000029802322388e-01,-7.500000000000000000e-01,-8.066989481449127197e-02,-7.573989629745483398e-01,8.762146234512329102e-01,5.605785548686981201e-02,3.466000000000000000e+03,3.530269775390625000e+03
4.862083792686462402e-01,-5.000000000000000000e-01,5.523357391357421875e-01,-6.398201584815979004e-01,8.063944578170776367e-01,5.984658747911453247e-02,2.501000000000000000e+03,2.592133544921875000e+03
-8.000000119209289551e-01,3.723684549331665039e-01,-8.782638311386108398e-01,2.227235585451126099e-01,5.224486589431762695e-01,8.942629396915435791e-02,1.354000000000000000e+03,1.492340454101562500e+03
-8.000000119209289551e-01,6.379825472831726074e-01,-1.041325330734252930e+00,7.095499634742736816e-01,5.525292754173278809e-01,7.112205773591995239e-02,1.870000000000000000e+03,2.241473144531250000e+03
8.665423840284347534e-02,-8.000000119209289551e-01,-9.009066224098205566e-02,-8.375126719474792480e-01,7.397467494010925293e-01,6.375040113925933838e-02,2.836000000000000000e+03,3.002519775390625000e+03
-4.000000059604644775e-01,6.961627006530761719e-01,-3.908896148204803467e-01,4.209078550338745117e-01,8.556494116783142090e-01,7.764379680156707764e-02,2.863000000000000000e+03,3.153142822265625000e+03
8.062653243541717529e-02,-8.000000119209289551e-01,4.913618043065071106e-02,-5.586648583412170410e-01,8.656072616577148438e-01,5.908183008432388306e-02,2.227000000000000000e+03,2.399959960937500000e+03
1.645627170801162720e-01,-8.999999761581420898e-01,-9.269075840711593628e-02,-9.164088964462280273e-01,6.926364302635192871e-01,8.324714750051498413e-02,1.706000000000000000e+03,1.934964477539062500e+03
6.961627006530761719e-01,4.223684668540954590e-01,1.757715493440628052e-01,4.443056881427764893e-01,8.896523118019104004e-01,7.805107533931732178e-02,3.103000000000000000e+03,4.101132812500000000e+03
-6.926239281892776489e-02,6.961627006530761719e-01,-8.311080187559127808e-02,4.959461987018585205e-01,7.771426439285278320e-01,9.490967541933059692e-02,1.966000000000000000e+03,2.095262207031250000e+03
6.146368011832237244e-02,-5.500000119209289551e-01,3.280298709869384766e-01,-4.517125487327575684e-01,9.268773198127746582e-01,9.407000243663787842e-02,2.938000000000000000e+03,3.207645751953125000e+03
5.173884034156799316e-01,-4.166139364242553711e-01,8.998643755912780762e-01,-2.584894895553588867e-01,9.486592411994934082e-01,7.573049515485763550e-02,2.758000000000000000e+03,3.262699707031250000e+03
-6.000000238418579102e-01,-6.499999761581420898e-01,-5.178828835487365723e-01,-4.953693151473999023e-01,7.918453216552734375e-01,4.867767542600631714e-02,1.942000000000000000e+03,2.035916870117187500e+03
-6.999999880790710449e-01,-2.000000029802322388e-01,-8.652600049972534180e-01,-9.929487109184265137e-02,9.203069806098937988e-01,6.031112372875213623e-02,2.986000000000000000e+03,3.116684570312500000e+03
6.376457810401916504e-01,-2.778634727001190186e-01,5.909286737442016602e-01,-2.786711156368255615e-01,4.981206953525543213e-01,2.099687308073043823e-01,2.016000000000000000e+03,2.033705322265625000e+03
-8.500000238418579102e-01,-2.183409482240676880e-01,-8.299792408943176270e-01,-1.030109077692031860e-01,6.584441065788269043e-01,5.700561404228210449e-02,1.862000000000000000e+03,1.920489624023437500e+03
6.961627006530761719e-01,-3.259284049272537231e-02,6.123294234275817871e-01,2.704277038574218750e-01,9.631174206733703613e-01,6.215901672840118408e-02,3.350000000000000000e+03,3.697883544921875000e+03
-1.655658930540084839e-01,-1.000000000000000000e+00,-1.741192936897277832e-01,-8.628640770912170410e-01,5.685859322547912598e-01,1.366202831268310547e-01,1.282000000000000000e+03,1.355836425781250000e+03
-3.000000119209289551e-01,-7.500000000000000000e-01,-3.025371134281158447e-01,-6.471162438392639160e-01,4.939761459827423096e-01,8.057368546724319458e-02,1.392000000000000000e+03,1.451947753906250000e+03
-9.499999880790710449e-01,-6.312371790409088135e-02,-9.738944768905639648e-01,-1.819722056388854980e-01,7.650123238563537598e-01,8.438839763402938843e-02,1.989000000000000000e+03,2.038568847656250000e+03
-3.000000119209289551e-01,-5.500000119209289551e-01,-4.382979869842529297e-01,-8.556318879127502441e-01,9.662021994590759277e-01,6.963160634040832520e-02,3.040000000000000000e+03,3.395951904296875000e+03
-6.000000238418579102e-01,-5.500000119209289551e-01,-4.662605524063110352e-01,-7.594988942146301270e-01,8.042057752609252930e-01,6.470995396375656128e-02,2.652000000000000000e+03,2.899495117187500000e+03
1.316963285207748413e-01,2.872454822063446045e-01,3.980771452188491821e-02,3.410714864730834961e-01,8.570295572280883789e-01,6.368188560009002686e-02,3.092000000000000000e+03,3.139658447265625000e+03
-3.499999940395355225e-01,-8.999999761581420898e-01,-5.598083734512329102e-01,-1.019718408584594727e+00,5.364940166473388672e-01,7.776409387588500977e-02,1.703000000000000000e+03,2.033812744140625000e+03
3.896152675151824951e-01,-8.707512021064758301e-01,1.911485493183135986e-01,-8.839578032493591309e-01,6.192960143089294434e-01,5.719198659062385559e-02,1.998000000000000000e+03,2.199656982421875000e+03
2.444606423377990723e-01,-8.500000238418579102e-01,2.020024359226226807e-01,-7.051011919975280762e-01,7.420748472213745117e-01,7.704141736030578613e-02,2.113000000000000000e+03,2.199648925781250000e+03
-1.633457541465759277e-01,-8.000000119209289551e-01,1.500797122716903687e-01,-5.556869506835937500e-01,7.152698040008544922e-01,8.830792456865310669e-02,2.195000000000000000e+03,2.834282226562500000e+03
4.862083792686462402e-01,-3.000000119209289551e-01,5.799126029014587402e-01,-3.196368515491485596e-01,9.526400566101074219e-01,7.750157266855239868e-02,2.761000000000000000e+03,2.788818603515625000e+03
5.481259822845458984e-01,4.535484611988067627e-01,4.482932686805725098e-01,1.552725881338119507e-01,1.016687512397766113e+00,5.750231444835662842e-02,3.335000000000000000e+03,3.647533691406250000e+03
3.767367303371429443e-01,-1.100000023841857910e+00,3.665229082107543945e-01,-1.202279210090637207e+00,4.592652618885040283e-01,1.077315658330917358e-01,1.237000000000000000e+03,1.298377197265625000e+03
-2.500000000000000000e-01,5.173884034156799316e-01,-2.254212796688079834e-01,2.817416489124298096e-01,7.891790270805358887e-01,9.260258823633193970e-02,2.342000000000000000e+03,2.548963623046875000e+03
-8.204144239425659180e-01,-9.328193217515945435e-02,-9.074245691299438477e-01,-7.342319004237651825e-03,6.654215455055236816e-01,5.994116514921188354e-02,2.798000000000000000e+03,2.891928710937500000e+03
8.409266918897628784e-02,-7.500000000000000000e-01,1.782874614000320435e-01,-6.364812254905700684e-01,8.344890475273132324e-01,6.235532090067863464e-02,2.971000000000000000e+03,3.063187011718750000e+03
7.247940897941589355e-01,-2.278634756803512573e-01,7.065150141716003418e-01,-1.897090077400207520e-01,4.083557724952697754e-01,1.478269398212432861e-01,8.130000000000000000e+02,8.217022094726562500e+02
-1.370283663272857666e-01,6.083970069885253906e-01,2.552517950534820557e-01,4.864873290061950684e-01,1.069972276687622070e+00,7.141111791133880615e-02,3.291000000000000000e+03,3.760642089843750000e+03
6.961627006530761719e-01,-6.482567638158798218e-02,5.609515905380249023e-01,-2.553132474422454834e-01,8.502764701843261719e-01,1.124853044748306274e-01,2.848000000000000000e+03,3.059634033203125000e+03
1.416770219802856445e-01,5.784529447555541992e-01,1.647598594427108765e-01,5.195354223251342773e-01,7.977867126464843750e-01,6.290157139301300049e-02,2.890000000000000000e+03,2.908236083984375000e+03
-8.000000119209289551e-01,-3.178191184997558594e-01,-9.031335115432739258e-01,-2.860581874847412109e-01,5.502406358718872070e-01,6.178664416074752808e-02,2.284000000000000000e+03,2.371114501953125000e+03
3.016651272773742676e-01,-6.696730256080627441e-01,4.962088167667388916e-01,-6.131849884986877441e-01,7.163853049278259277e-01,7.688593864440917969e-02,2.495000000000000000e+03,2.690479492187500000e+03
5.013426542282104492e-01,-6.999999880790710449e-01,4.340130686759948730e-01,-6.384660601615905762e-01,5.689679384231567383e-01,1.795956790447235107e-01,9.850000000000000000e+02,1.010216613769531250e+03
3.562291860580444336e-01,-5.000000000000000000e-01,4.255183935165405273e-01,-6.651501059532165527e-01,9.904396533966064453e-01,7.543690502643585205e-02,3.068000000000000000e+03,3.167350097656250000e+03
1.366542428731918335e-01,6.961627006530761719e-01,-8.839480578899383545e-02,8.693693876266479492e-01,7.223282456398010254e-01,9.149755537509918213e-02,2.140000000000000000e+03,2.459661865234375000e+03
3.512822091579437256e-01,-8.000000119209289551e-01,4.185965657234191895e-01,-9.640146493911743164e-01,8.128113746643066406e-01,6.206799298524856567e-02,2.846000000000000000e+03,2.980114990234375000e+03
-3.151089549064636230e-01,-6.000000238418579102e-01,-3.634273409843444824e-01,-2.712707221508026123e-01,9.022980928421020508e-01,1.123407632112503052e-01,3.228000000000000000e+03,3.652954345703125000e+03
2.145627290010452271e-01,3.221365213394165039e-01,2.432291656732559204e-01,2.770662605762481689e-01,2.980132997035980225e-01,1.175141409039497375e-01,1.178000000000000000e+03,1.215458496093750000e+03
1.735305190086364746e-01,6.961627006530761719e-01,8.879651129245758057e-02,7.427957057952880859e-01,4.971472620964050293e-01,2.246237844228744507e-01,7.470000000000000000e+02,7.750104980468750000e+02
5.481259822845458984e-01,2.872454822063446045e-01,4.417805373668670654e-01,2.333054244518280029e-01,7.129734754562377930e-01,1.064489036798477173e-01,2.010000000000000000e+03,2.065677490234375000e+03
6.961627006530761719e-01,-6.753604114055633545e-02,6.958444118499755859e-01,1.331712752580642700e-01,7.124414443969726562e-01,1.122855544090270996e-01,2.019000000000000000e+03,2.176494628906250000e+03
5.481259822845458984e-01,-5.500000119209289551e-01,4.925197958946228027e-01,-5.793556571006774902e-01,7.033857703208923340e-01,6.543403863906860352e-02,2.144000000000000000e+03,2.161026367187500000e+03
6.961627006530761719e-01,-6.024989485740661621e-02,6.658542156219482422e-01,3.017902374267578125e-01,1.062323451042175293e+00,7.542894035577774048e-02,2.742000000000000000e+03,3.054279052734375000e+03
-1.666139364242553711e-01,-8.999999761581420898e-01,-1.062680110335350037e-01,-1.095253348350524902e+00,7.845486402511596680e-01,5.805829912424087524e-02,2.137000000000000000e+03,2.279463623046875000e+03
-8.000000119209289551e-01,3.896152675151824951e-01,-7.665879130363464355e-01,1.871558278799057007e-01,7.222215533256530762e-01,7.458711415529251099e-02,2.628000000000000000e+03,2.836614990234375000e+03
-6.881999224424362183e-02,-7.196730375289916992e-01,-1.281996220350265503e-01,-8.589049577713012695e-01,9.114242196083068848e-01,5.942915752530097961e-02,3.282000000000000000e+03,3.371742187500000000e+03
-1.422083228826522827e-01,6.961627006530761719e-01,1.914168149232864380e-01,6.132553815841674805e-01,7.738474011421203613e-01,1.487449258565902710e-01,1.382000000000000000e+03,1.643538452148437500e+03
6.961627006530761719e-01,-4.000000059604644775e-01,4.113276004791259766e-01,-2.889429926872253418e-01,7.326861023902893066e-01,1.351014375686645508e-01,1.753000000000000000e+03,2.047334838867187500e+03
-3.735956549644470215e-01,6.672313809394836426e-01,-2.555503845214843750e-01,5.972283482551574707e-01,5.014665126800537109e-01,8.351667225360870361e-02,1.854000000000000000e+03,1.990548706054687500e+03
-1.000000000000000000e+00,1.638902425765991211e-01,-9.403540492057800293e-01,1.371526122093200684e-01,6.467484831809997559e-01,8.246030658483505249e-02,1.764000000000000000e+03,1.781955444335937500e+03
6.961627006530761719e-01,-4.499999880790710449e-01,6.783701181411743164e-01,-5.559947490692138672e-01,6.181861758232116699e-01,1.294202804565429688e-01,1.418000000000000000e+03,1.460656860351562500e+03
-4.000000059604644775e-01,-5.178191065788269043e-01,-2.358785867691040039e-01,-4.520409107208251953e-01,6.490621566772460938e-01,1.578264981508255005e-01,1.958000000000000000e+03,2.100926513671875000e+03
-8.000000119209289551e-01,-2.000000029802322388e-01,-7.932822704315185547e-01,-1.801507174968719482e-01,7.623969912528991699e-01,6.986516714096069336e-02,1.975000000000000000e+03,1.976495605468750000e+03
-8.500000238418579102e-01,2.872454822063446045e-01,-6.967156529426574707e-01,3.111383318901062012e-01,5.881075859069824219e-01,6.285765022039413452e-02,2.054000000000000000e+03,2.194747558593750000e+03
-7.500000000000000000e-01,-3.672468066215515137e-01,-8.208510279655456543e-01,-3.160962462425231934e-01,5.492135882377624512e-01,5.319239571690559387e-02,1.543000000000000000e+03,1.581714355468750000e+03
-6.692624092102050781e-01,-3.000000119209289551e-01,-6.021290421485900879e-01,-3.700347840785980225e-01,7.230811119079589844e-01,1.502457559108734131e-01,2.029000000000000000e+03,2.065473388671875000e+03
-6.000000238418579102e-01,5.173884034156799316e-01,-5.467134714126586914e-01,4.447025358676910400e-01,6.156229972839355469e-01,5.957618355751037598e-02,1.989000000000000000e+03,2.031502441406250000e+03
-6.999999880790710449e-01,3.896152675151824951e-01,-4.380375146865844727e-01,4.981377720832824707e-01,7.628077268600463867e-01,8.899287879467010498e-02,2.478000000000000000e+03,2.810575683593750000e+03
3.874092102050781250e-01,5.481259822845458984e-01,4.899475574493408203e-01,7.465693354606628418e-01,1.037984371185302734e+00,7.243579626083374023e-02,2.536000000000000000e+03,2.652420166015625000e+03
6.961627006530761719e-01,1.282061040401458740e-01,6.702013015747070312e-01,2.323255091905593872e-01,7.899774909019470215e-01,1.448361426591873169e-01,1.780000000000000000e+03,1.812752563476562500e+03
-1.500000059604644775e-01,-8.204144239425659180e-01,-6.918723229318857193e-03,-8.832977414131164551e-01,7.162112593650817871e-01,6.470531225204467773e-02,2.508000000000000000e+03,2.626187011718750000e+03
-2.500000000000000000e-01,4.862083792686462402e-01,-3.799641132354736328e-02,4.535102844238281250e-01,7.970890998840332031e-01,3.120422363281250000e-01,5.445000000000000000e+03,5.831898437500000000e+03
2.014390081167221069e-01,-8.707512021064758301e-01,2.106540799140930176e-01,-8.988401889801025391e-01,7.986935973167419434e-01,7.553982734680175781e-02,2.125000000000000000e+03,2.127916259765625000e+03
-1.000000000000000000e+00,-3.953014686703681946e-02,-9.297584891319274902e-01,-1.098771393299102783e-01,6.363907456398010254e-01,7.520193606615066528e-02,1.992000000000000000e+03,2.040311523437500000e+03
-2.500000000000000000e-01,-1.000000000000000000e+00,-3.622265756130218506e-01,-1.016536831855773926e+00,5.052965879440307617e-01,1.109433695673942566e-01,1.695000000000000000e+03,1.779532470703125000e+03
-4.627545177936553955e-01,7.247940897941589355e-01,-5.025256872177124023e-01,5.750721096992492676e-01,4.884280562400817871e-01,9.878178685903549194e-02,1.652000000000000000e+03,1.814687988281250000e+03
6.961627006530761719e-01,3.221365213394165039e-01,6.337348818778991699e-01,3.268514275550842285e-01,7.672858834266662598e-01,1.346404850482940674e-01,2.028000000000000000e+03,2.041460693359375000e+03
3.767367303371429443e-01,-7.914246320724487305e-01,4.358883798122406006e-01,-7.050260305404663086e-01,5.812057852745056152e-01,1.576021760702133179e-01,1.190000000000000000e+03,1.228302734375000000e+03
8.356328308582305908e-02,-1.000000000000000000e+00,2.022214084863662720e-01,-1.007310271263122559e+00,6.316544413566589355e-01,6.102271750569343567e-02,1.561000000000000000e+03,1.615935180664062500e+03
-5.183409452438354492e-01,-6.000000238418579102e-01,-3.336334228515625000e-01,-6.387655138969421387e-01,7.202202677726745605e-01,6.984084844589233398e-02,2.543000000000000000e+03,2.714881835937500000e+03
-3.678191304206848145e-01,-7.500000000000000000e-01,-5.355669856071472168e-01,-7.900316715240478516e-01,7.759250402450561523e-01,6.066144630312919617e-02,2.297000000000000000e+03,2.409234375000000000e+03
-5.683409571647644043e-01,-6.499999761581420898e-01,-5.047453045845031738e-01,-2.309883236885070801e-01,8.144353628158569336e-01,7.055155932903289795e-02,2.581000000000000000e+03,3.242884277343750000e+03
4.862083792686462402e-01,-4.000000059604644775e-01,7.591605186462402344e-01,-4.777634143829345703e-01,9.024092555046081543e-01,5.763519555330276489e-02,3.317000000000000000e+03,3.638321533203125000e+03
1.429908722639083862e-01,-7.500000000000000000e-01,8.518294990062713623e-02,-7.497186660766601562e-01,6.713063120841979980e-01,6.972602754831314087e-02,2.375000000000000000e+03,2.392587402343750000e+03
8.275320380926132202e-02,-6.000000238418579102e-01,3.248864114284515381e-01,-5.889976620674133301e-01,7.924537658691406250e-01,6.323331594467163086e-02,3.227000000000000000e+03,3.521932617187500000e+03
6.961627006530761719e-01,3.275320306420326233e-02,7.237253785133361816e-01,-3.256133198738098145e-02,9.078701138496398926e-01,6.926063448190689087e-02,2.928000000000000000e+03,2.945773681640625000e+03
4.545493423938751221e-01,1.231361627578735352e-01,2.801982164382934570e-01,-8.936101198196411133e-02,7.670745253562927246e-01,8.321772515773773193e-02,2.228000000000000000e+03,2.505786865234375000e+03
-2.500000000000000000e-01,3.221365213394165039e-01,-2.952619493007659912e-01,2.469715476036071777e-01,5.057618618011474609e-01,8.240152150392532349e-02,1.355000000000000000e+03,1.395507934570312500e+03
-8.999999761581420898e-01,-6.499999761581420898e-01,-9.985920786857604980e-01,-6.762840747833251953e-01,5.644667148590087891e-01,8.744694292545318604e-02,1.924000000000000000e+03,1.986304321289062500e+03
6.961627006530761719e-01,-3.499999940395355225e-01,5.968433022499084473e-01,-3.691281676292419434e-01,8.333890438079833984e-01,6.706559658050537109e-02,2.747000000000000000e+03,2.787239257812500000e+03
6.672313809394836426e-01,4.545493423938751221e-01,7.737795114517211914e-01,4.495707154273986816e-01,8.445456624031066895e-01,7.597059011459350586e-02,3.149000000000000000e+03,3.199179931640625000e+03
3.665424138307571411e-02,-6.188200116157531738e-01,2.100079357624053955e-01,-5.193560123443603516e-01,5.559262037277221680e-01,8.298648148775100708e-02,1.829000000000000000e+03,2.058825195312500000e+03
6.961627006530761719e-01,7.672522217035293579e-02,6.833019852638244629e-01,4.568498134613037109e-01,8.638715147972106934e-01,8.577166497707366943e-02,2.631000000000000000e+03,3.119703125000000000e+03
-8.999999761581420898e-01,-2.790310382843017578e-01,-8.654184341430664062e-01,-1.596241146326065063e-01,7.365360260009765625e-01,1.819644868373870850e-01,1.481000000000000000e+03,1.522823364257812500e+03
6.961627006530761719e-01,3.194263577461242676e-01,6.636300086975097656e-01,1.842170953750610352e-01,7.907735705375671387e-01,1.312698274850845337e-01,1.815000000000000000e+03,1.870626586914062500e+03
6.961627006530761719e-01,1.224607303738594055e-01,7.528138756752014160e-01,1.417252868413925171e-01,6.104999184608459473e-01,8.333477377891540527e-02,1.593000000000000000e+03,1.608240478515625000e+03
-4.172467887401580811e-01,-6.499999761581420898e-01,-4.201207160949707031e-01,-6.069047451019287109e-01,5.180333852767944336e-01,7.691911607980728149e-02,1.490000000000000000e+03,1.500390136718750000e+03
8.489102870225906372e-02,6.961627006530761719e-01,4.186014831066131592e-01,6.891808509826660156e-01,9.549970626831054688e-01,6.086510419845581055e-02,2.852000000000000000e+03,3.191249023437500000e+03
-5.493236705660820007e-03,-8.500000238418579102e-01,-4.588107764720916748e-02,-8.253516554832458496e-01,4.954102039337158203e-01,1.187530905008316040e-01,1.471000000000000000e+03,1.484345703125000000e+03
4.212743043899536133e-01,-6.999999880790710449e-01,6.026052832603454590e-01,-7.171188592910766602e-01,8.815086483955383301e-01,7.074971497058868408e-02,2.429000000000000000e+03,2.531366455078125000e+03
-4.985609948635101318e-01,-8.213686347007751465e-01,-4.486622810363769531e-01,-8.279054760932922363e-01,7.813272476196289062e-01,6.524506956338882446e-02,1.872000000000000000e+03,1.879723144531250000e+03
6.961627006530761719e-01,-5.000000000000000000e-01,8.559553623199462891e-01,-4.420402050018310547e-01,7.643569111824035645e-01,6.319577991962432861e-02,2.867000000000000000e+03,3.007085205078125000e+03
-1.202898658812046051e-02,-6.999999880790710449e-01,1.574595272541046143e-01,-5.903353095054626465e-01,7.032009363174438477e-01,8.403469622135162354e-02,2.387000000000000000e+03,2.579807617187500000e+03
6.961627006530761719e-01,-4.382335543632507324e-01,9.079617261886596680e-01,-3.232200443744659424e-01,6.504847407341003418e-01,1.128690764307975769e-01,1.883000000000000000e+03,2.133778564453125000e+03
-3.659073412418365479e-01,2.145627290010452271e-01,-2.340001910924911499e-01,-1.826553791761398315e-01,1.108687400817871094e+00,2.690406739711761475e-01,2.322000000000000000e+03,2.642140625000000000e+03
-6.000000238418579102e-01,-6.000000238418579102e-01,-5.677583217620849609e-01,-9.602013230323791504e-01,7.474629282951354980e-01,7.083479315042495728e-02,2.195000000000000000e+03,2.684564941406250000e+03
4.862083792686462402e-01,-5.500000119209289551e-01,7.348588705062866211e-01,-4.785527288913726807e-01,8.278195261955261230e-01,6.273223459720611572e-02,2.796000000000000000e+03,3.063515136718750000e+03
-6.192623972892761230e-01,5.481259822845458984e-01,-3.924945592880249023e-01,5.227590203285217285e-01,8.817403316497802734e-01,8.254414796829223633e-02,2.578000000000000000e+03,2.748285644531250000e+03
-8.707512021064758301e-01,1.623980887234210968e-02,-6.277573704719543457e-01,-9.284406155347824097e-02,8.976771235466003418e-01,7.507624477148056030e-02,2.433000000000000000e+03,2.642602783203125000e+03
1.366542428731918335e-01,6.961627006530761719e-01,5.492246747016906738e-01,9.975200891494750977e-01,9.022390842437744141e-01,5.647657439112663269e-02,2.645000000000000000e+03,3.443106689453125000e+03
-5.000000074505805969e-02,-7.500000000000000000e-01,-9.032784029841423035e-03,-5.813343524932861328e-01,7.479217648506164551e-01,6.649605184793472290e-02,2.530000000000000000e+03,2.664712890625000000e+03
2.514390051364898682e-01,-3.499999940395355225e-01,2.530880272388458252e-01,-3.000767827033996582e-01,8.397194147109985352e-01,6.785569339990615845e-02,3.162000000000000000e+03,3.173264160156250000e+03
-1.735956519842147827e-01,6.961627006530761719e-01,-9.097436815500259399e-02,9.555461406707763672e-01,6.388421058654785156e-01,1.904578059911727905e-01,1.028000000000000000e+03,1.207867187500000000e+03
-3.235956430435180664e-01,-8.500000238418579102e-01,-4.103222787380218506e-01,-7.476786971092224121e-01,7.666258811950683594e-01,7.295507192611694336e-02,2.258000000000000000e+03,2.326776367187500000e+03
-6.352238357067108154e-02,6.961627006530761719e-01,-3.657100498676300049e-01,6.685443520545959473e-01,6.762158870697021484e-01,2.044677287340164185e-01,1.199000000000000000e+03,1.430178222656250000e+03
-3.666990250349044800e-02,-8.000000119209289551e-01,-1.699337065219879150e-01,-7.351629137992858887e-01,8.305730819702148438e-01,5.744770914316177368e-02,2.525000000000000000e+03,2.604802490234375000e+03
8.820687420666217804e-03,-6.188200116157531738e-01,1.637969315052032471e-01,-9.551594853401184082e-01,8.809474110603332520e-01,7.683791220188140869e-02,2.923000000000000000e+03,3.421198974609375000e+03
-8.000000119209289551e-01,2.659978568553924561e-01,-7.567564249038696289e-01,3.696362674236297607e-01,4.988286197185516357e-01,9.961920976638793945e-02,1.730000000000000000e+03,1.816718505859375000e+03
2.655788362026214600e-01,6.961627006530761719e-01,5.105687975883483887e-01,8.304501771926879883e-01,7.245638370513916016e-01,1.819292157888412476e-01,1.325000000000000000e+03,1.515532714843750000e+03
2.694263756275177002e-01,-7.500000000000000000e-01,3.587061911821365356e-02,-6.180253624916076660e-01,8.443171977996826172e-01,6.146134808659553528e-02,3.036000000000000000e+03,3.334983642578125000e+03
-5.000000074505805969e-02,5.784529447555541992e-01,-1.804146468639373779e-01,5.547437667846679688e-01,6.194348335266113281e-01,5.953830480575561523e-02,1.965000000000000000e+03,2.053791015625000000e+03
1.896152496337890625e-01,-1.000000000000000000e+00,1.303791720420122147e-02,-8.891537785530090332e-01,5.598518848419189453e-01,6.863350421190261841e-02,1.991000000000000000e+03,2.259246093750000000e+03
1.764043420553207397e-01,-5.178191065788269043e-01,1.000424996018409729e-01,-4.072946310043334961e-01,1.016702294349670410e+00,6.792426109313964844e-02,3.715000000000000000e+03,3.779710449218750000e+03
2.145627290010452271e-01,-1.000000000000000000e+00,1.560455560684204102e-01,-1.093439340591430664e+00,6.369926333427429199e-01,7.422633469104766846e-02,2.332000000000000000e+03,2.401280273437500000e+03
-6.000000238418579102e-01,4.223684668540954590e-01,-4.098849892616271973e-01,5.955135226249694824e-01,6.802048683166503906e-01,8.798472583293914795e-02,2.271000000000000000e+03,2.585312500000000000e+03
-6.196730732917785645e-01,-7.500000000000000000e-01,-6.142496466636657715e-01,-6.919068098068237305e-01,4.394141733646392822e-01,7.083488255739212036e-02,1.496000000000000000e+03,1.522265380859375000e+03
-2.500000000000000000e-01,6.961627006530761719e-01,-4.554569423198699951e-01,6.471118330955505371e-01,6.884439587593078613e-01,1.590650975704193115e-01,1.331000000000000000e+03,1.453669189453125000e+03
-1.172467991709709167e-01,2.514390051364898682e-01,1.813634335994720459e-01,1.532433629035949707e-01,8.075137138366699219e-01,6.625877320766448975e-02,3.324000000000000000e+03,3.811176757812500000e+03
6.961627006530761719e-01,4.862083792686462402e-01,6.300293207168579102e-01,5.177062749862670898e-01,5.630090236663818359e-01,9.692960232496261597e-02,1.626000000000000000e+03,1.653432128906250000e+03
-3.000000119209289551e-01,5.173884034156799316e-01,-3.621965944766998291e-01,3.548425137996673584e-01,9.646238684654235840e-01,6.124120578169822693e-02,3.883000000000000000e+03,4.008741943359375000e+03
-6.499999761581420898e-01,4.545493423938751221e-01,-8.413136601448059082e-01,6.711299419403076172e-01,8.803101778030395508e-01,7.363456487655639648e-02,3.082000000000000000e+03,3.405965087890625000e+03
6.961627006530761719e-01,3.975010663270950317e-02,7.918520569801330566e-01,-2.426290139555931091e-02,8.869747519493103027e-01,6.893508881330490112e-02,2.763000000000000000e+03,2.809239990234375000e+03
1.764043420553207397e-01,5.784529447555541992e-01,1.288904249668121338e-01,5.185065269470214844e-01,9.399728178977966309e-01,5.995175614953041077e-02,2.992000000000000000e+03,3.011859130859375000e+03
-4.499999880790710449e-01,3.562291860580444336e-01,-6.421813964843750000e-01,2.381511479616165161e-01,7.068446874618530273e-01,5.882942676544189453e-02,2.433000000000000000e+03,2.674575195312500000e+03
1.764043420553207397e-01,-8.500000238418579102e-01,5.476981773972511292e-02,-8.937119245529174805e-01,8.236103653907775879e-01,5.319258943200111389e-02,3.136000000000000000e+03,3.212577880859375000e+03
-5.000000000000000000e-01,-3.000000119209289551e-01,-8.647271990776062012e-01,-3.213095366954803467e-01,9.991752505302429199e-01,6.183705478906631470e-02,3.395000000000000000e+03,3.835073486328125000e+03
2.355316728353500366e-01,-6.188200116157531738e-01,1.706616878509521484e-01,-8.716501593589782715e-01,8.536153435707092285e-01,6.941959261894226074e-02,2.831000000000000000e+03,3.089740234375000000e+03
6.961627006530761719e-01,5.695798993110656738e-02,9.588419198989868164e-01,-3.300401568412780762e-01,6.926339864730834961e-01,2.491211444139480591e-01,5.850000000000000000e+02,8.321384887695312500e+02
-2.000000029802322388e-01,-6.000000238418579102e-01,-7.956381142139434814e-02,-6.169164180755615234e-01,4.426055848598480225e-01,1.008153408765792847e-01,1.581000000000000000e+03,1.698483642578125000e+03
